-- Departmento
INSERT INTO departamento (nome, id_chefe) VALUES ('Computer Science', NULL);
INSERT INTO departamento (nome, id_chefe) VALUES ('Engineering', NULL);
INSERT INTO departamento (nome, id_chefe) VALUES ('Mathematics', NULL);
INSERT INTO departamento (nome, id_chefe) VALUES ('Business Administration', NULL);
-- Professor
INSERT INTO professor (nome, email, id_dept) VALUES ('Jennifer Rodriguez', 'jrodriguez@example.edu', 3);
INSERT INTO professor (nome, email, id_dept) VALUES ('Jeanette Noble', 'jnoble@example.edu', 3);
INSERT INTO professor (nome, email, id_dept) VALUES ('Edward Stevenson', 'estevenson@example.edu', 1);
INSERT INTO professor (nome, email, id_dept) VALUES ('James Harrison', 'jharrison@example.edu', 4);
INSERT INTO professor (nome, email, id_dept) VALUES ('Emily Thompson', 'ethompson@example.edu', 2);
INSERT INTO professor (nome, email, id_dept) VALUES ('Brianna Austin', 'baustin@example.edu', 2);
INSERT INTO professor (nome, email, id_dept) VALUES ('Joseph Sosa', 'jsosa@example.edu', 2);
INSERT INTO professor (nome, email, id_dept) VALUES ('Rebecca Gibbs', 'rgibbs@example.edu', 3);
INSERT INTO professor (nome, email, id_dept) VALUES ('Evan Diaz', 'ediaz@example.edu', 1);
INSERT INTO professor (nome, email, id_dept) VALUES ('Jessica Edwards', 'jedwards@example.edu', 2);
INSERT INTO professor (nome, email, id_dept) VALUES ('Nathan Jones', 'njones@example.edu', 2);
INSERT INTO professor (nome, email, id_dept) VALUES ('Ryan Kelly', 'rkelly@example.edu', 4);
INSERT INTO professor (nome, email, id_dept) VALUES ('Jennifer Wright', 'jwright@example.edu', 2);
INSERT INTO professor (nome, email, id_dept) VALUES ('Heather Saunders', 'hsaunders@example.edu', 3);
INSERT INTO professor (nome, email, id_dept) VALUES ('John Knight', 'jknight@example.edu', 4);
INSERT INTO professor (nome, email, id_dept) VALUES ('Andrea Zimmerman', 'azimmerman@example.edu', 3);
INSERT INTO professor (nome, email, id_dept) VALUES ('Eric Sexton', 'esexton@example.edu', 1);
INSERT INTO professor (nome, email, id_dept) VALUES ('Caitlin Henderson', 'chenderson@example.edu', 3);
INSERT INTO professor (nome, email, id_dept) VALUES ('Matthew Lawrence', 'mlawrence@example.edu', 2);
INSERT INTO professor (nome, email, id_dept) VALUES ('Karen Snow', 'ksnow@example.edu', 3);
INSERT INTO professor (nome, email, id_dept) VALUES ('Jane Flores', 'jflores@example.edu', 3);
INSERT INTO professor (nome, email, id_dept) VALUES ('Mary Wise', 'mwise@example.edu', 4);
INSERT INTO professor (nome, email, id_dept) VALUES ('Michael Williams MD', 'mwilliams@example.edu', 3);
INSERT INTO professor (nome, email, id_dept) VALUES ('Richard Norris', 'rnorris@example.edu', 3);
INSERT INTO professor (nome, email, id_dept) VALUES ('Angela Morrison', 'amorrison@example.edu', 4);
-- Curso
INSERT INTO curso (curso) VALUES ('Computer Science');
INSERT INTO curso (curso) VALUES ('Mechanical Engineering');
INSERT INTO curso (curso) VALUES ('Industrial Engineering');
INSERT INTO curso (curso) VALUES ('Business Analysis');
-- Disciplina
INSERT INTO disciplina (cod_disc, nome, id_dept) VALUES ('CS101', 'Introduction to Computer Science', 1);
INSERT INTO disciplina (cod_disc, nome, id_dept) VALUES ('ME101', 'Introduction to Mechanical Engineering', 2);
INSERT INTO disciplina (cod_disc, nome, id_dept) VALUES ('IE101', 'Introduction to Industrial Engineering', 2);
INSERT INTO disciplina (cod_disc, nome, id_dept) VALUES ('BA101', 'Introduction to Business Analysis', 4);
-- Matriz Curricular
INSERT INTO matriz_curr (id_curso, cod_disc) VALUES (1, 'CS101');
INSERT INTO matriz_curr (id_curso, cod_disc) VALUES (2, 'ME101');
INSERT INTO matriz_curr (id_curso, cod_disc) VALUES (2, 'IE101');
INSERT INTO matriz_curr (id_curso, cod_disc) VALUES (4, 'BA101');
-- Grupo TCC
INSERT INTO grupo_tcc (id_orientador, status_aprovacao) VALUES (1, 'reprovado');
INSERT INTO grupo_tcc (id_orientador, status_aprovacao) VALUES (23, 'analisando');
INSERT INTO grupo_tcc (id_orientador, status_aprovacao) VALUES (2, 'analisando');
INSERT INTO grupo_tcc (id_orientador, status_aprovacao) VALUES (22, 'reprovado');
INSERT INTO grupo_tcc (id_orientador, status_aprovacao) VALUES (3, 'reprovado');
INSERT INTO grupo_tcc (id_orientador, status_aprovacao) VALUES (25, 'analisando');
INSERT INTO grupo_tcc (id_orientador, status_aprovacao) VALUES (5, 'aprovado');
INSERT INTO grupo_tcc (id_orientador, status_aprovacao) VALUES (5, 'analisando');
INSERT INTO grupo_tcc (id_orientador, status_aprovacao) VALUES (4, 'reprovado');
INSERT INTO grupo_tcc (id_orientador, status_aprovacao) VALUES (17, 'aprovado');
-- Estudante
INSERT INTO aluno (nome, email, id_curso, id_grupo) VALUES ('Sydney Lowery', 'slowery@example.edu', 4, 10);
INSERT INTO aluno (nome, email, id_curso, id_grupo) VALUES ('Karen Gilbert', 'kgilbert@example.edu', 1, NULL);
INSERT INTO aluno (nome, email, id_curso, id_grupo) VALUES ('Sarah Rivera', 'srivera@example.edu', 1, NULL);
INSERT INTO aluno (nome, email, id_curso, id_grupo) VALUES ('Caitlyn Buckley', 'cbuckley@example.edu', 2, 4);
INSERT INTO aluno (nome, email, id_curso, id_grupo) VALUES ('Cathy Atkins', 'catkins@example.edu', 1, 8);
INSERT INTO aluno (nome, email, id_curso, id_grupo) VALUES ('Amber Martinez', 'amartinez@example.edu', 4, 8);
INSERT INTO aluno (nome, email, id_curso, id_grupo) VALUES ('Julia Tucker', 'jtucker@example.edu', 2, 1);
INSERT INTO aluno (nome, email, id_curso, id_grupo) VALUES ('Matthew Cannon', 'mcannon@example.edu', 4, 1);
INSERT INTO aluno (nome, email, id_curso, id_grupo) VALUES ('Andrew Copeland', 'acopeland@example.edu', 4, 8);
INSERT INTO aluno (nome, email, id_curso, id_grupo) VALUES ('Jordan Williams', 'jwilliams@example.edu', 2, NULL);
INSERT INTO aluno (nome, email, id_curso, id_grupo) VALUES ('David Vaughan', 'dvaughan@example.edu', 4, 4);
INSERT INTO aluno (nome, email, id_curso, id_grupo) VALUES ('Kenneth Lee', 'klee@example.edu', 2, 8);
INSERT INTO aluno (nome, email, id_curso, id_grupo) VALUES ('Gregory Contreras', 'gcontreras@example.edu', 4, 3);
INSERT INTO aluno (nome, email, id_curso, id_grupo) VALUES ('Samuel Alexander', 'salexander@example.edu', 3, 4);
INSERT INTO aluno (nome, email, id_curso, id_grupo) VALUES ('Erica Garcia', 'egarcia@example.edu', 1, 2);
INSERT INTO aluno (nome, email, id_curso, id_grupo) VALUES ('Brenda Hall', 'bhall@example.edu', 2, 10);
INSERT INTO aluno (nome, email, id_curso, id_grupo) VALUES ('Lisa Freeman', 'lfreeman@example.edu', 2, NULL);
INSERT INTO aluno (nome, email, id_curso, id_grupo) VALUES ('Michelle Rice', 'mrice@example.edu', 1, 9);
INSERT INTO aluno (nome, email, id_curso, id_grupo) VALUES ('William Ford', 'wford@example.edu', 4, 4);
INSERT INTO aluno (nome, email, id_curso, id_grupo) VALUES ('Allen Jackson', 'ajackson@example.edu', 1, 10);
INSERT INTO aluno (nome, email, id_curso, id_grupo) VALUES ('Jordan Gallagher', 'jgallagher@example.edu', 4, 8);
INSERT INTO aluno (nome, email, id_curso, id_grupo) VALUES ('Kathryn Riley', 'kriley@example.edu', 4, 4);
INSERT INTO aluno (nome, email, id_curso, id_grupo) VALUES ('James Cowan', 'jcowan@example.edu', 3, 8);
INSERT INTO aluno (nome, email, id_curso, id_grupo) VALUES ('Austin Holmes', 'aholmes@example.edu', 2, 4);
INSERT INTO aluno (nome, email, id_curso, id_grupo) VALUES ('Vincent Hines', 'vhines@example.edu', 2, 2);
INSERT INTO aluno (nome, email, id_curso, id_grupo) VALUES ('Amanda Hahn', 'ahahn@example.edu', 1, NULL);
INSERT INTO aluno (nome, email, id_curso, id_grupo) VALUES ('Diana Mcdonald', 'dmcdonald@example.edu', 4, 10);
INSERT INTO aluno (nome, email, id_curso, id_grupo) VALUES ('Melissa Thomas', 'mthomas@example.edu', 2, 1);
INSERT INTO aluno (nome, email, id_curso, id_grupo) VALUES ('Veronica Lewis', 'vlewis@example.edu', 3, 9);
INSERT INTO aluno (nome, email, id_curso, id_grupo) VALUES ('Leah Owen', 'lowen@example.edu', 4, 5);
INSERT INTO aluno (nome, email, id_curso, id_grupo) VALUES ('Laura Blair', 'lblair@example.edu', 4, 6);
INSERT INTO aluno (nome, email, id_curso, id_grupo) VALUES ('Benjamin Tran', 'btran@example.edu', 1, 5);
INSERT INTO aluno (nome, email, id_curso, id_grupo) VALUES ('Kaylee Gardner', 'kgardner@example.edu', 1, 2);
INSERT INTO aluno (nome, email, id_curso, id_grupo) VALUES ('Tammy Smith', 'tsmith@example.edu', 3, 3);
INSERT INTO aluno (nome, email, id_curso, id_grupo) VALUES ('Veronica Rodriguez', 'vrodriguez@example.edu', 2, 8);
INSERT INTO aluno (nome, email, id_curso, id_grupo) VALUES ('Terry Fitzgerald', 'tfitzgerald@example.edu', 2, 8);
INSERT INTO aluno (nome, email, id_curso, id_grupo) VALUES ('Traci Hamilton', 'thamilton@example.edu', 2, 6);
INSERT INTO aluno (nome, email, id_curso, id_grupo) VALUES ('Jacob Robinson', 'jrobinson@example.edu', 2, 3);
INSERT INTO aluno (nome, email, id_curso, id_grupo) VALUES ('Timothy Jordan', 'tjordan@example.edu', 2, 2);
INSERT INTO aluno (nome, email, id_curso, id_grupo) VALUES ('Shawn Lynch', 'slynch@example.edu', 2, 8);
INSERT INTO aluno (nome, email, id_curso, id_grupo) VALUES ('Kimberly Davila', 'kdavila@example.edu', 3, 3);
INSERT INTO aluno (nome, email, id_curso, id_grupo) VALUES ('Peter Murray', 'pmurray@example.edu', 4, 5);
INSERT INTO aluno (nome, email, id_curso, id_grupo) VALUES ('Benjamin Sosa', 'bsosa@example.edu', 4, 2);
INSERT INTO aluno (nome, email, id_curso, id_grupo) VALUES ('Mary Diaz', 'mdiaz@example.edu', 4, 4);
INSERT INTO aluno (nome, email, id_curso, id_grupo) VALUES ('Alfred Shaw', 'ashaw@example.edu', 4, 2);
INSERT INTO aluno (nome, email, id_curso, id_grupo) VALUES ('Anthony Hill', 'ahill@example.edu', 3, 4);
INSERT INTO aluno (nome, email, id_curso, id_grupo) VALUES ('Ruben Owens', 'rowens@example.edu', 4, 3);
INSERT INTO aluno (nome, email, id_curso, id_grupo) VALUES ('Mitchell Pearson', 'mpearson@example.edu', 2, 8);
INSERT INTO aluno (nome, email, id_curso, id_grupo) VALUES ('Jacqueline Nichols', 'jnichols@example.edu', 3, 2);
INSERT INTO aluno (nome, email, id_curso, id_grupo) VALUES ('Kevin Duffy', 'kduffy@example.edu', 4, 10);
INSERT INTO aluno (nome, email, id_curso, id_grupo) VALUES ('Melanie Munoz', 'mmunoz@example.edu', 1, 9);
INSERT INTO aluno (nome, email, id_curso, id_grupo) VALUES ('Cynthia Brown', 'cbrown@example.edu', 3, 3);
INSERT INTO aluno (nome, email, id_curso, id_grupo) VALUES ('Joshua Perez', 'jperez@example.edu', 4, 2);
INSERT INTO aluno (nome, email, id_curso, id_grupo) VALUES ('John Wolfe', 'jwolfe@example.edu', 2, NULL);
INSERT INTO aluno (nome, email, id_curso, id_grupo) VALUES ('Kelly Evans', 'kevans@example.edu', 4, 9);
INSERT INTO aluno (nome, email, id_curso, id_grupo) VALUES ('Joshua Moore', 'jmoore@example.edu', 4, 10);
INSERT INTO aluno (nome, email, id_curso, id_grupo) VALUES ('Joshua Wilson', 'jwilson@example.edu', 4, 5);
INSERT INTO aluno (nome, email, id_curso, id_grupo) VALUES ('Pamela Wilkins', 'pwilkins@example.edu', 1, 4);
INSERT INTO aluno (nome, email, id_curso, id_grupo) VALUES ('Haley Brown', 'hbrown@example.edu', 4, 1);
INSERT INTO aluno (nome, email, id_curso, id_grupo) VALUES ('Christopher Wagner', 'cwagner@example.edu', 4, NULL);
INSERT INTO aluno (nome, email, id_curso, id_grupo) VALUES ('Gina Torres', 'gtorres@example.edu', 4, NULL);
INSERT INTO aluno (nome, email, id_curso, id_grupo) VALUES ('Natalie Davis', 'ndavis@example.edu', 2, 4);
INSERT INTO aluno (nome, email, id_curso, id_grupo) VALUES ('Michael Rivera', 'mrivera@example.edu', 4, 8);
INSERT INTO aluno (nome, email, id_curso, id_grupo) VALUES ('Philip Maynard', 'pmaynard@example.edu', 1, 1);
INSERT INTO aluno (nome, email, id_curso, id_grupo) VALUES ('Amy Weber', 'aweber@example.edu', 4, 6);
INSERT INTO aluno (nome, email, id_curso, id_grupo) VALUES ('Taylor Mccormick', 'tmccormick@example.edu', 2, 3);
INSERT INTO aluno (nome, email, id_curso, id_grupo) VALUES ('Kevin Wagner', 'kwagner@example.edu', 4, 7);
INSERT INTO aluno (nome, email, id_curso, id_grupo) VALUES ('Brittney Palmer', 'bpalmer@example.edu', 1, 1);
INSERT INTO aluno (nome, email, id_curso, id_grupo) VALUES ('Nicholas Hampton', 'nhampton@example.edu', 1, 10);
INSERT INTO aluno (nome, email, id_curso, id_grupo) VALUES ('James Morgan', 'jmorgan@example.edu', 2, 10);
INSERT INTO aluno (nome, email, id_curso, id_grupo) VALUES ('Patricia Perkins', 'pperkins@example.edu', 2, 2);
INSERT INTO aluno (nome, email, id_curso, id_grupo) VALUES ('Dawn Jones', 'djones@example.edu', 1, 5);
INSERT INTO aluno (nome, email, id_curso, id_grupo) VALUES ('Larry Olsen', 'lolsen@example.edu', 4, 4);
INSERT INTO aluno (nome, email, id_curso, id_grupo) VALUES ('Mariah Hall', 'mhall@example.edu', 4, 9);
INSERT INTO aluno (nome, email, id_curso, id_grupo) VALUES ('Jeffery Reyes', 'jreyes@example.edu', 2, 4);
INSERT INTO aluno (nome, email, id_curso, id_grupo) VALUES ('Paul Martinez', 'pmartinez@example.edu', 3, 5);
INSERT INTO aluno (nome, email, id_curso, id_grupo) VALUES ('Phyllis Moore', 'pmoore@example.edu', 4, 8);
INSERT INTO aluno (nome, email, id_curso, id_grupo) VALUES ('Christopher Fuentes', 'cfuentes@example.edu', 2, 6);
INSERT INTO aluno (nome, email, id_curso, id_grupo) VALUES ('Laura Flores', 'lflores@example.edu', 2, 4);
INSERT INTO aluno (nome, email, id_curso, id_grupo) VALUES ('Grant Mendez', 'gmendez@example.edu', 4, 9);
INSERT INTO aluno (nome, email, id_curso, id_grupo) VALUES ('Terri Torres', 'ttorres@example.edu', 3, 6);
INSERT INTO aluno (nome, email, id_curso, id_grupo) VALUES ('Gregory Rodriguez', 'grodriguez@example.edu', 3, 5);
INSERT INTO aluno (nome, email, id_curso, id_grupo) VALUES ('Jody Little', 'jlittle@example.edu', 4, 2);
INSERT INTO aluno (nome, email, id_curso, id_grupo) VALUES ('Vanessa Miller', 'vmiller@example.edu', 4, 10);
INSERT INTO aluno (nome, email, id_curso, id_grupo) VALUES ('Johnathan Wright', 'jwright@example.edu', 4, NULL);
INSERT INTO aluno (nome, email, id_curso, id_grupo) VALUES ('Andrea Griffin', 'agriffin@example.edu', 1, 5);
INSERT INTO aluno (nome, email, id_curso, id_grupo) VALUES ('Rebecca Finley', 'rfinley@example.edu', 2, 6);
INSERT INTO aluno (nome, email, id_curso, id_grupo) VALUES ('Bianca Bradley', 'bbradley@example.edu', 3, 7);
INSERT INTO aluno (nome, email, id_curso, id_grupo) VALUES ('Henry Shields', 'hshields@example.edu', 2, 5);
INSERT INTO aluno (nome, email, id_curso, id_grupo) VALUES ('David Mckenzie', 'dmckenzie@example.edu', 2, 6);
INSERT INTO aluno (nome, email, id_curso, id_grupo) VALUES ('Austin Dunlap', 'adunlap@example.edu', 4, 5);
INSERT INTO aluno (nome, email, id_curso, id_grupo) VALUES ('Paul Gutierrez', 'pgutierrez@example.edu', 4, 8);
INSERT INTO aluno (nome, email, id_curso, id_grupo) VALUES ('David Welch', 'dwelch@example.edu', 4, 4);
INSERT INTO aluno (nome, email, id_curso, id_grupo) VALUES ('Shawn White', 'swhite@example.edu', 1, 2);
INSERT INTO aluno (nome, email, id_curso, id_grupo) VALUES ('Don Harrison', 'dharrison@example.edu', 4, 1);
INSERT INTO aluno (nome, email, id_curso, id_grupo) VALUES ('Sharon Lee', 'slee@example.edu', 1, 8);
INSERT INTO aluno (nome, email, id_curso, id_grupo) VALUES ('Susan Morton', 'smorton@example.edu', 2, NULL);
INSERT INTO aluno (nome, email, id_curso, id_grupo) VALUES ('Roberto Hudson', 'rhudson@example.edu', 4, 3);
INSERT INTO aluno (nome, email, id_curso, id_grupo) VALUES ('Sara Simmons', 'ssimmons@example.edu', 4, 7);
INSERT INTO aluno (nome, email, id_curso, id_grupo) VALUES ('Elizabeth Hinton', 'ehinton@example.edu', 2, 5);
-- Turma
INSERT INTO turma (id_prof, cod_disc, ano, semestre, limite_faltas) VALUES (21, 'CS101', 2023, 1, 3);
INSERT INTO turma (id_prof, cod_disc, ano, semestre, limite_faltas) VALUES (23, 'ME101', 2024, 1, 4);
INSERT INTO turma (id_prof, cod_disc, ano, semestre, limite_faltas) VALUES (4, 'ME101', 2022, 2, 4);
INSERT INTO turma (id_prof, cod_disc, ano, semestre, limite_faltas) VALUES (3, 'IE101', 2024, 1, 4);
INSERT INTO turma (id_prof, cod_disc, ano, semestre, limite_faltas) VALUES (24, 'IE101', 2021, 2, 6);
INSERT INTO turma (id_prof, cod_disc, ano, semestre, limite_faltas) VALUES (8, 'IE101', 2022, 2, 6);
INSERT INTO turma (id_prof, cod_disc, ano, semestre, limite_faltas) VALUES (20, 'BA101', 2021, 1, 6);
-- Inscricoes
INSERT INTO inscricao (id_aluno, id_turma, faltas, media) VALUES (1, 24, 5, 3.0);
INSERT INTO inscricao (id_aluno, id_turma, faltas, media) VALUES (2, 4, 3, 6.7);
INSERT INTO inscricao (id_aluno, id_turma, faltas, media) VALUES (3, 23, 2, 6.0);
INSERT INTO inscricao (id_aluno, id_turma, faltas, media) VALUES (4, 3, 4, 6.6);
INSERT INTO inscricao (id_aluno, id_turma, faltas, media) VALUES (5, 23, 3, 1.0);
INSERT INTO inscricao (id_aluno, id_turma, faltas, media) VALUES (6, 20, 4, 3.1);
INSERT INTO inscricao (id_aluno, id_turma, faltas, media) VALUES (7, 21, 1, 9.9);
INSERT INTO inscricao (id_aluno, id_turma, faltas, media) VALUES (8, 23, 0, 5.2);
INSERT INTO inscricao (id_aluno, id_turma, faltas, media) VALUES (9, 24, 6, 3.3);
INSERT INTO inscricao (id_aluno, id_turma, faltas, media) VALUES (10, 8, 2, 9.0);
INSERT INTO inscricao (id_aluno, id_turma, faltas, media) VALUES (11, 8, 0, 7.8);
INSERT INTO inscricao (id_aluno, id_turma, faltas, media) VALUES (12, 23, 4, 7.0);
INSERT INTO inscricao (id_aluno, id_turma, faltas, media) VALUES (13, 8, 3, 7.7);
INSERT INTO inscricao (id_aluno, id_turma, faltas, media) VALUES (14, 8, 5, 6.4);
INSERT INTO inscricao (id_aluno, id_turma, faltas, media) VALUES (15, 3, 2, 3.5);
INSERT INTO inscricao (id_aluno, id_turma, faltas, media) VALUES (16, 8, 6, 2.4);
INSERT INTO inscricao (id_aluno, id_turma, faltas, media) VALUES (17, 4, 4, 5.4);
INSERT INTO inscricao (id_aluno, id_turma, faltas, media) VALUES (18, 3, 4, 9.0);
INSERT INTO inscricao (id_aluno, id_turma, faltas, media) VALUES (19, 21, 1, 5.2);
INSERT INTO inscricao (id_aluno, id_turma, faltas, media) VALUES (20, 21, 0, 0.1);
INSERT INTO inscricao (id_aluno, id_turma, faltas, media) VALUES (21, 23, 4, 3.1);
INSERT INTO inscricao (id_aluno, id_turma, faltas, media) VALUES (22, 20, 5, 5.9);
INSERT INTO inscricao (id_aluno, id_turma, faltas, media) VALUES (23, 8, 0, 7.7);
INSERT INTO inscricao (id_aluno, id_turma, faltas, media) VALUES (24, 24, 3, 7.5);
INSERT INTO inscricao (id_aluno, id_turma, faltas, media) VALUES (25, 23, 1, 2.3);
INSERT INTO inscricao (id_aluno, id_turma, faltas, media) VALUES (26, 24, 6, 1.2);
INSERT INTO inscricao (id_aluno, id_turma, faltas, media) VALUES (27, 3, 1, 9.4);
INSERT INTO inscricao (id_aluno, id_turma, faltas, media) VALUES (28, 20, 5, 8.8);
INSERT INTO inscricao (id_aluno, id_turma, faltas, media) VALUES (29, 8, 6, 0.5);
INSERT INTO inscricao (id_aluno, id_turma, faltas, media) VALUES (30, 4, 1, 8.7);
INSERT INTO inscricao (id_aluno, id_turma, faltas, media) VALUES (31, 20, 4, 2.6);
INSERT INTO inscricao (id_aluno, id_turma, faltas, media) VALUES (32, 21, 3, 5.7);
INSERT INTO inscricao (id_aluno, id_turma, faltas, media) VALUES (33, 20, 6, 5.6);
INSERT INTO inscricao (id_aluno, id_turma, faltas, media) VALUES (34, 8, 5, 2.9);
INSERT INTO inscricao (id_aluno, id_turma, faltas, media) VALUES (35, 23, 3, 3.2);
INSERT INTO inscricao (id_aluno, id_turma, faltas, media) VALUES (36, 24, 3, 8.6);
INSERT INTO inscricao (id_aluno, id_turma, faltas, media) VALUES (37, 4, 0, 0.8);
INSERT INTO inscricao (id_aluno, id_turma, faltas, media) VALUES (38, 20, 1, 3.7);
INSERT INTO inscricao (id_aluno, id_turma, faltas, media) VALUES (39, 3, 0, 5.3);
INSERT INTO inscricao (id_aluno, id_turma, faltas, media) VALUES (40, 4, 4, 4.1);
INSERT INTO inscricao (id_aluno, id_turma, faltas, media) VALUES (41, 24, 0, 3.6);
INSERT INTO inscricao (id_aluno, id_turma, faltas, media) VALUES (42, 21, 3, 5.9);
INSERT INTO inscricao (id_aluno, id_turma, faltas, media) VALUES (43, 23, 3, 0.0);
INSERT INTO inscricao (id_aluno, id_turma, faltas, media) VALUES (44, 20, 5, 1.5);
INSERT INTO inscricao (id_aluno, id_turma, faltas, media) VALUES (45, 4, 4, 2.2);
INSERT INTO inscricao (id_aluno, id_turma, faltas, media) VALUES (46, 4, 4, 9.8);
INSERT INTO inscricao (id_aluno, id_turma, faltas, media) VALUES (47, 4, 0, 1.6);
INSERT INTO inscricao (id_aluno, id_turma, faltas, media) VALUES (48, 8, 6, 2.9);
INSERT INTO inscricao (id_aluno, id_turma, faltas, media) VALUES (49, 24, 0, 8.8);
INSERT INTO inscricao (id_aluno, id_turma, faltas, media) VALUES (50, 8, 3, 2.9);
INSERT INTO inscricao (id_aluno, id_turma, faltas, media) VALUES (51, 24, 0, 1.0);
INSERT INTO inscricao (id_aluno, id_turma, faltas, media) VALUES (52, 23, 0, 3.4);
INSERT INTO inscricao (id_aluno, id_turma, faltas, media) VALUES (53, 8, 4, 1.9);
INSERT INTO inscricao (id_aluno, id_turma, faltas, media) VALUES (54, 3, 2, 6.7);
INSERT INTO inscricao (id_aluno, id_turma, faltas, media) VALUES (55, 3, 2, 1.1);
INSERT INTO inscricao (id_aluno, id_turma, faltas, media) VALUES (56, 8, 4, 5.8);
INSERT INTO inscricao (id_aluno, id_turma, faltas, media) VALUES (57, 8, 1, 5.2);
INSERT INTO inscricao (id_aluno, id_turma, faltas, media) VALUES (58, 8, 0, 1.4);
INSERT INTO inscricao (id_aluno, id_turma, faltas, media) VALUES (59, 3, 3, 7.7);
INSERT INTO inscricao (id_aluno, id_turma, faltas, media) VALUES (60, 8, 1, 7.4);
INSERT INTO inscricao (id_aluno, id_turma, faltas, media) VALUES (61, 3, 3, 2.1);
INSERT INTO inscricao (id_aluno, id_turma, faltas, media) VALUES (62, 24, 5, 5.0);
INSERT INTO inscricao (id_aluno, id_turma, faltas, media) VALUES (63, 21, 1, 9.0);
INSERT INTO inscricao (id_aluno, id_turma, faltas, media) VALUES (64, 21, 3, 1.6);
INSERT INTO inscricao (id_aluno, id_turma, faltas, media) VALUES (65, 20, 6, 8.3);
INSERT INTO inscricao (id_aluno, id_turma, faltas, media) VALUES (66, 4, 3, 5.2);
INSERT INTO inscricao (id_aluno, id_turma, faltas, media) VALUES (67, 21, 1, 6.2);
INSERT INTO inscricao (id_aluno, id_turma, faltas, media) VALUES (68, 4, 3, 0.7);
INSERT INTO inscricao (id_aluno, id_turma, faltas, media) VALUES (69, 21, 3, 6.6);
INSERT INTO inscricao (id_aluno, id_turma, faltas, media) VALUES (70, 20, 0, 0.7);
INSERT INTO inscricao (id_aluno, id_turma, faltas, media) VALUES (71, 21, 3, 6.6);
INSERT INTO inscricao (id_aluno, id_turma, faltas, media) VALUES (72, 4, 2, 8.8);
INSERT INTO inscricao (id_aluno, id_turma, faltas, media) VALUES (73, 20, 1, 2.3);
INSERT INTO inscricao (id_aluno, id_turma, faltas, media) VALUES (74, 4, 4, 4.5);
INSERT INTO inscricao (id_aluno, id_turma, faltas, media) VALUES (75, 20, 5, 8.3);
INSERT INTO inscricao (id_aluno, id_turma, faltas, media) VALUES (76, 3, 1, 6.2);
INSERT INTO inscricao (id_aluno, id_turma, faltas, media) VALUES (77, 3, 4, 8.4);
INSERT INTO inscricao (id_aluno, id_turma, faltas, media) VALUES (78, 21, 1, 2.2);
INSERT INTO inscricao (id_aluno, id_turma, faltas, media) VALUES (79, 21, 0, 2.3);
INSERT INTO inscricao (id_aluno, id_turma, faltas, media) VALUES (80, 24, 6, 3.4);
INSERT INTO inscricao (id_aluno, id_turma, faltas, media) VALUES (81, 21, 0, 0.8);
INSERT INTO inscricao (id_aluno, id_turma, faltas, media) VALUES (82, 8, 3, 6.9);
INSERT INTO inscricao (id_aluno, id_turma, faltas, media) VALUES (83, 24, 6, 5.0);
INSERT INTO inscricao (id_aluno, id_turma, faltas, media) VALUES (84, 4, 2, 6.5);
INSERT INTO inscricao (id_aluno, id_turma, faltas, media) VALUES (85, 3, 1, 4.7);
INSERT INTO inscricao (id_aluno, id_turma, faltas, media) VALUES (86, 23, 0, 7.6);
INSERT INTO inscricao (id_aluno, id_turma, faltas, media) VALUES (87, 21, 3, 4.9);
INSERT INTO inscricao (id_aluno, id_turma, faltas, media) VALUES (88, 21, 1, 6.9);
INSERT INTO inscricao (id_aluno, id_turma, faltas, media) VALUES (89, 24, 3, 9.6);
INSERT INTO inscricao (id_aluno, id_turma, faltas, media) VALUES (90, 20, 4, 1.9);
INSERT INTO inscricao (id_aluno, id_turma, faltas, media) VALUES (91, 21, 0, 8.9);
INSERT INTO inscricao (id_aluno, id_turma, faltas, media) VALUES (92, 8, 6, 4.1);
INSERT INTO inscricao (id_aluno, id_turma, faltas, media) VALUES (93, 3, 0, 3.5);
INSERT INTO inscricao (id_aluno, id_turma, faltas, media) VALUES (94, 4, 3, 6.0);
INSERT INTO inscricao (id_aluno, id_turma, faltas, media) VALUES (95, 20, 0, 5.3);
INSERT INTO inscricao (id_aluno, id_turma, faltas, media) VALUES (96, 4, 4, 1.9);
INSERT INTO inscricao (id_aluno, id_turma, faltas, media) VALUES (97, 21, 1, 3.1);
INSERT INTO inscricao (id_aluno, id_turma, faltas, media) VALUES (98, 8, 5, 2.7);
INSERT INTO inscricao (id_aluno, id_turma, faltas, media) VALUES (99, 21, 0, 3.5);
INSERT INTO inscricao (id_aluno, id_turma, faltas, media) VALUES (100, 20, 1, 4.0);
