INSERT INTO departamento(nome, id_chefe) VALUES ('Matemática', NULL), ('Física', NULL), ('Ciências Sociais', NULL), ('Ciência da Computação', NULL), ('Administração', NULL);

INSERT INTO professor(nome, email, id_dept) VALUES ('Vitor Hugo Leão','vitor.hugo@collegedb.com',1)
,('Dr. Renan Garcia','dr..renan@collegedb.com',5)
,('Dante Porto','dante.porto@collegedb.com',4)
,('Sr. Pedro Henrique Nascimento','sr..pedro@collegedb.com',3)
,('Pedro Henrique Nogueira','pedro.henrique@collegedb.com',5)
,('Sra. Maria Luísa Rezende','sra..maria@collegedb.com',4)
,('Mariah Montenegro','mariah.montenegro@collegedb.com',2)
,('Anna Liz Leão','anna.liz@collegedb.com',4)
,('Jade Cassiano','jade.cassiano@collegedb.com',1)
,('Eloá Carvalho','eloa.carvalho@collegedb.com',1)
,('Francisco Dias','francisco.dias@collegedb.com',4)
,('Apollo da Paz','apollo.da@collegedb.com',4)
,('Diogo Novaes','diogo.novaes@collegedb.com',1)
,('Caleb Rocha','caleb.rocha@collegedb.com',3)
,('Maria Isis da Mata','maria.isis@collegedb.com',3)
;

UPDATE departamento SET id_chefe = 13 WHERE id_dept = 1;
UPDATE departamento SET id_chefe = 7 WHERE id_dept = 2;
UPDATE departamento SET id_chefe = 14 WHERE id_dept = 3;
UPDATE departamento SET id_chefe = 3 WHERE id_dept = 4;
UPDATE departamento SET id_chefe = 2 WHERE id_dept = 5;


INSERT INTO curso(nome) VALUES ('Ciência da Computação'), ('Engenharia Elétrica'), ('Engenharia Mecânica'), ('Engenharia de Produção'), ('Engenharia Têxtil'), ('Administração'), ('Ciência de Dados');

INSERT INTO disciplina(cod_disc, id_dept, nome) VALUES ('MA1001',1,'Introdução a Matemática')
,('FI1001',2,'Introdução a Física')
,('CS1001',3,'Introdução a Ciências Sociais')
,('CC1001',4,'Introdução a Ciência da Computação')
,('AD1001',5,'Introdução a Administração')
,('MA2002',1,'Tópicos Avançados de Matemática')
,('FI2002',2,'Tópicos Avançados de Física')
,('CS2002',3,'Tópicos Avançados de Ciências Sociais')
,('CC2002',4,'Tópicos Avançados de Ciência da Computação')
,('AD2002',5,'Tópicos Avançados de Administração')
;

INSERT INTO matriz_curr(id_curso, cod_disc) VALUES (1,'FI1001')
,(1,'MA2002')
,(1,'CC1001')
,(1,'FI2002')
,(1,'CC2002')
,(2,'CC2002')
,(2,'FI1001')
,(2,'MA2002')
,(2,'AD2002')
,(2,'FI2002')
,(3,'FI2002')
,(3,'AD2002')
,(3,'CC2002')
,(3,'CS2002')
,(3,'CC1001')
,(4,'MA2002')
,(4,'CS1001')
,(4,'FI2002')
,(4,'AD2002')
,(4,'AD1001')
,(5,'CS1001')
,(5,'CS2002')
,(5,'AD2002')
,(5,'CC2002')
,(5,'FI2002')
,(6,'AD2002')
,(6,'FI2002')
,(6,'MA2002')
,(6,'CS2002')
,(6,'AD1001')
,(7,'AD2002')
,(7,'MA2002')
,(7,'FI1001')
,(7,'CC2002')
,(7,'MA1001')
ON CONFLICT (id_curso, cod_disc) DO NOTHING;

INSERT INTO grupo_tcc(id_orientador, status_aprovacao) VALUES (9,'aprovado')
,(9,'aprovado')
,(2,'analisando')
,(11,'reprovado')
,(3,'analisando')
,(15,'reprovado')
,(5,'aprovado')
,(8,'reprovado')
,(6,'reprovado')
,(13,'reprovado')
;

INSERT INTO aluno(nome, email, id_curso, id_grupo) VALUES ('Mathias Mendonça','mathias.mendonca@collegedb.com',6,NULL)
,('Allana Farias','allana.farias@collegedb.com',5,3)
,('Dr. Nathan Monteiro','dr..nathan@collegedb.com',1,3)
,('Melina Alves','melina.alves@collegedb.com',4,NULL)
,('Júlia Pacheco','julia.pacheco@collegedb.com',3,7)
,('Anthony Gabriel da Cruz','anthony.gabriel@collegedb.com',5,4)
,('Benicio da Mata','benicio.da@collegedb.com',6,NULL)
,('Stephany Ferreira','stephany.ferreira@collegedb.com',4,NULL)
,('Luana Araújo','luana.araujo@collegedb.com',3,NULL)
,('Sr. Enzo Ribeiro','sr..enzo@collegedb.com',7,NULL)
,('Ana Liz Borges','ana.liz@collegedb.com',6,NULL)
,('Raul Jesus','raul.jesus@collegedb.com',2,1)
,('Brayan Cassiano','brayan.cassiano@collegedb.com',4,10)
,('Dr. Luigi Cunha','dr..luigi@collegedb.com',2,9)
,('Ana Liz da Costa','ana.liz@collegedb.com',4,NULL)
,('Yuri Sales','yuri.sales@collegedb.com',7,NULL)
,('Alexandre Mendes','alexandre.mendes@collegedb.com',2,NULL)
,('Lucca Cavalcanti','lucca.cavalcanti@collegedb.com',1,NULL)
,('Bianca Alves','bianca.alves@collegedb.com',7,4)
,('Anna Liz Martins','anna.liz@collegedb.com',4,8)
,('Sr. Murilo Teixeira','sr..murilo@collegedb.com',3,7)
,('Maria Flor da Mata','maria.flor@collegedb.com',5,8)
,('Gabrielly Macedo','gabrielly.macedo@collegedb.com',7,NULL)
,('Enzo Oliveira','enzo.oliveira@collegedb.com',2,3)
,('Marcelo Borges','marcelo.borges@collegedb.com',1,2)
,('Kamilly Abreu','kamilly.abreu@collegedb.com',1,NULL)
,('Heloisa Novaes','heloisa.novaes@collegedb.com',2,1)
,('Jade Peixoto','jade.peixoto@collegedb.com',1,NULL)
,('Pedro Miguel da Rocha','pedro.miguel@collegedb.com',4,NULL)
,('Alexandre Gomes','alexandre.gomes@collegedb.com',3,3)
,('Maria Cecília das Neves','maria.cecilia@collegedb.com',1,9)
,('Thomas Melo','thomas.melo@collegedb.com',3,NULL)
,('Anna Liz Aragão','anna.liz@collegedb.com',5,NULL)
,('Dra. Isis Fogaça','dra..isis@collegedb.com',7,7)
,('Sr. Luiz Otávio Gomes','sr..luiz@collegedb.com',3,4)
,('Sr. Marcos Vinicius Macedo','sr..marcos@collegedb.com',5,6)
,('Srta. Eduarda Brito','srta..eduarda@collegedb.com',4,1)
,('Ravy da Luz','ravy.da@collegedb.com',6,NULL)
,('Augusto Aparecida','augusto.aparecida@collegedb.com',4,NULL)
,('Otávio Viana','otavio.viana@collegedb.com',1,2)
,('Kevin Cassiano','kevin.cassiano@collegedb.com',7,8)
,('Carolina Nascimento','carolina.nascimento@collegedb.com',2,NULL)
,('Maysa Sampaio','maysa.sampaio@collegedb.com',4,7)
,('Lara Rezende','lara.rezende@collegedb.com',1,1)
,('Sra. Rebeca Abreu','sra..rebeca@collegedb.com',5,10)
,('Pietra Rocha','pietra.rocha@collegedb.com',4,NULL)
,('Nina Rios','nina.rios@collegedb.com',2,1)
,('Lorenzo Nunes','lorenzo.nunes@collegedb.com',3,5)
,('Levi da Mota','levi.da@collegedb.com',4,2)
,('Dra. Maria Laura Camargo','dra..maria@collegedb.com',6,3)
,('Apollo Nascimento','apollo.nascimento@collegedb.com',1,4)
,('Matheus Melo','matheus.melo@collegedb.com',6,5)
,('Diego Pastor','diego.pastor@collegedb.com',1,NULL)
,('Otto Pastor','otto.pastor@collegedb.com',2,9)
,('Dr. Yago Vasconcelos','dr..yago@collegedb.com',2,5)
,('Kaique Cunha','kaique.cunha@collegedb.com',4,8)
,('Dra. Emanuella da Cruz','dra..emanuella@collegedb.com',7,7)
,('Bruno Azevedo','bruno.azevedo@collegedb.com',1,7)
,('Ayla Campos','ayla.campos@collegedb.com',2,9)
,('Calebe Moreira','calebe.moreira@collegedb.com',7,10)
,('Caroline Vieira','caroline.vieira@collegedb.com',3,NULL)
,('Laura Oliveira','laura.oliveira@collegedb.com',6,9)
,('Bryan Andrade','bryan.andrade@collegedb.com',7,NULL)
,('Maria Julia Cavalcante','maria.julia@collegedb.com',6,3)
,('Francisco Silva','francisco.silva@collegedb.com',1,6)
,('Otávio Vieira','otavio.vieira@collegedb.com',2,6)
,('Sra. Stephany Duarte','sra..stephany@collegedb.com',3,10)
,('Carlos Eduardo Correia','carlos.eduardo@collegedb.com',5,6)
,('Sra. Caroline Gonçalves','sra..caroline@collegedb.com',4,NULL)
,('Thomas Sampaio','thomas.sampaio@collegedb.com',5,NULL)
,('Lucas Oliveira','lucas.oliveira@collegedb.com',5,NULL)
,('Eloá Ribeiro','eloa.ribeiro@collegedb.com',3,8)
,('Bella Teixeira','bella.teixeira@collegedb.com',1,7)
,('Sr. Léo Nogueira','sr..leo@collegedb.com',3,9)
,('Paulo Lima','paulo.lima@collegedb.com',3,8)
,('Lavínia da Paz','lavinia.da@collegedb.com',4,3)
,('Amanda da Rocha','amanda.da@collegedb.com',4,8)
,('Raquel Pereira','raquel.pereira@collegedb.com',5,NULL)
,('Gustavo Henrique Araújo','gustavo.henrique@collegedb.com',2,6)
,('Luiz Miguel Aparecida','luiz.miguel@collegedb.com',2,NULL)
,('Srta. Eduarda Teixeira','srta..eduarda@collegedb.com',2,9)
,('Letícia Cirino','leticia.cirino@collegedb.com',5,NULL)
,('Valentim Camargo','valentim.camargo@collegedb.com',6,4)
,('Rafaela Cavalcanti','rafaela.cavalcanti@collegedb.com',2,10)
,('Murilo da Paz','murilo.da@collegedb.com',2,NULL)
,('Srta. Hellena Monteiro','srta..hellena@collegedb.com',2,8)
,('Clarice da Cunha','clarice.da@collegedb.com',5,NULL)
,('Arthur Miguel das Neves','arthur.miguel@collegedb.com',6,NULL)
,('Srta. Marina Cardoso','srta..marina@collegedb.com',4,2)
,('Enzo Gabriel Cunha','enzo.gabriel@collegedb.com',3,NULL)
,('Luigi Melo','luigi.melo@collegedb.com',2,NULL)
,('Bernardo Oliveira','bernardo.oliveira@collegedb.com',1,8)
,('Lívia Garcia','livia.garcia@collegedb.com',5,NULL)
,('Sr. Joaquim Souza','sr..joaquim@collegedb.com',2,NULL)
,('Yasmin da Rocha','yasmin.da@collegedb.com',3,NULL)
,('Sr. Luiz Felipe Gomes','sr..luiz@collegedb.com',5,6)
,('José Pedro Vieira','jose.pedro@collegedb.com',3,NULL)
,('Beatriz Correia','beatriz.correia@collegedb.com',2,10)
,('Luísa Machado','luisa.machado@collegedb.com',2,6)
,('Liz da Rosa','liz.da@collegedb.com',5,4)
;

INSERT INTO turma(cod_disc, id_prof, ano, semestre, limite_faltas) VALUES ('MA1001',1,2022,2,16)
,('MA2002',1,2022,2,15)
,('MA2002',1,2016,1,13)
,('AD2002',2,2017,2,20)
,('AD2002',2,2010,1,13)
,('AD2002',2,2016,2,13)
,('CC2002',3,2015,1,14)
,('CC2002',3,2013,2,15)
,('CC1001',3,2024,2,14)
,('CS1001',4,2014,1,12)
,('CS2002',4,2023,1,17)
,('CS2002',4,2020,2,10)
,('AD2002',5,2023,1,18)
,('AD1001',5,2015,1,17)
,('AD1001',5,2022,1,11)
,('CC1001',6,2023,1,19)
,('CC2002',6,2017,1,13)
,('CC1001',6,2013,1,11)
,('FI2002',7,2016,2,20)
,('FI1001',7,2011,2,20)
,('FI1001',7,2011,2,13)
,('CC2002',8,2015,1,16)
,('CC2002',8,2023,1,17)
,('CC2002',8,2014,2,11)
,('MA2002',9,2022,1,15)
,('MA1001',9,2013,1,17)
,('MA1001',9,2014,1,10)
,('MA2002',10,2018,2,10)
,('MA1001',10,2016,2,10)
,('MA1001',10,2011,1,18)
,('CC1001',11,2023,1,17)
,('CC2002',11,2019,2,13)
,('CC2002',11,2022,2,11)
,('CC1001',12,2017,1,19)
,('CC1001',12,2013,1,14)
,('CC1001',12,2013,2,11)
,('MA2002',13,2019,2,17)
,('MA1001',13,2021,2,13)
,('MA1001',13,2011,1,11)
,('CS2002',14,2018,1,12)
,('CS2002',14,2019,2,10)
,('CS1001',14,2013,2,16)
,('CS1001',15,2012,1,17)
,('CS2002',15,2024,1,12)
,('CS1001',15,2017,1,12)
;

INSERT INTO inscricao(id_aluno, id_turma, faltas, media) VALUES (1,4,22,6.4)
,(1,11,20,4.2)
,(1,14,2,6.0)
,(2,7,16,8.6)
,(2,10,8,6.5)
,(2,11,5,9.1)
,(3,2,19,4.9)
,(3,7,6,5.4)
,(3,9,4,1.4)
,(4,2,24,2.4)
,(4,4,13,1.6)
,(4,14,18,5.5)
,(5,4,13,8.8)
,(5,7,6,6.2)
,(5,9,12,1.1)
,(6,10,13,9.7)
,(7,2,1,7.0)
,(7,4,21,5.0)
,(7,11,13,3.7)
,(7,19,15,1.8)
,(8,2,13,4.6)
,(8,10,9,4.0)
,(9,4,16,2.4)
,(9,7,6,9.0)
,(9,9,18,0.7)
,(9,11,5,3.5)
,(10,1,7,4.9)
,(10,2,18,8.6)
,(10,4,20,0.8)
,(10,20,9,7.1)
,(11,2,8,9.1)
,(11,4,9,1.6)
,(11,14,15,4.7)
,(11,19,22,1.3)
,(12,2,5,5.6)
,(12,4,25,3.6)
,(12,19,19,2.7)
,(12,20,3,5.0)
,(13,14,10,9.6)
,(13,19,8,8.3)
,(14,4,6,8.6)
,(14,7,3,8.3)
,(14,19,2,9.7)
,(15,10,5,6.6)
,(15,19,25,1.5)
,(16,1,21,3.8)
,(16,2,9,3.0)
,(16,4,5,9.9)
,(16,7,13,2.0)
,(17,19,16,5.7)
,(17,20,9,8.9)
,(18,7,7,1.0)
,(18,9,6,3.5)
,(18,19,11,4.5)
,(18,20,9,3.2)
,(19,4,11,2.8)
,(19,20,4,8.1)
,(21,7,4,4.4)
,(22,7,23,3.2)
,(22,11,13,2.0)
,(22,19,17,1.0)
,(23,1,20,0.6)
,(23,7,3,3.6)
,(24,4,22,2.7)
,(24,7,3,0.1)
,(24,20,24,1.1)
,(25,2,6,5.2)
,(25,7,21,5.0)
,(25,19,15,8.7)
,(26,2,23,9.9)
,(26,19,14,4.4)
,(27,2,13,9.3)
,(27,4,25,1.5)
,(27,7,25,7.2)
,(27,19,11,1.5)
,(27,20,24,6.3)
,(28,2,4,5.9)
,(28,19,13,8.9)
,(29,2,21,1.1)
,(29,19,3,3.2)
,(30,7,25,5.3)
,(30,9,11,1.1)
,(30,19,9,2.8)
,(31,2,23,7.0)
,(31,7,3,9.5)
,(31,9,11,2.9)
,(31,20,16,5.7)
,(32,4,18,3.7)
,(32,7,15,9.6)
,(32,9,10,5.5)
,(32,11,14,6.8)
,(33,4,8,3.3)
,(33,7,21,4.8)
,(33,10,21,0.7)
,(33,11,13,8.1)
,(34,1,3,9.6)
,(34,2,9,8.3)
,(34,4,4,3.7)
,(34,7,24,2.4)
,(35,4,16,3.7)
,(35,7,19,9.6)
,(35,11,13,5.2)
,(35,19,2,7.0)
,(36,4,25,4.2)
,(36,7,6,2.4)
,(37,4,2,1.4)
,(37,19,10,2.7)
,(38,2,12,7.3)
,(38,4,3,8.3)
,(38,11,11,7.5)
,(38,14,21,1.3)
,(38,19,23,9.2)
,(39,2,8,2.8)
,(39,4,9,0.7)
,(39,10,8,2.1)
,(39,14,0,7.1)
,(40,19,3,9.2)
,(41,1,17,8.2)
,(41,2,0,8.5)
,(41,4,24,0.3)
,(41,7,18,10.0)
,(41,20,7,7.9)
,(42,2,20,7.7)
,(42,4,12,2.5)
,(42,7,19,8.6)
,(42,19,23,3.2)
,(43,2,24,6.6)
,(43,10,5,1.7)
,(44,2,0,8.3)
,(44,9,8,6.5)
,(44,19,8,4.7)
,(44,20,17,9.8)
,(45,4,14,5.9)
,(45,10,6,3.2)
,(45,11,11,5.3)
,(46,19,12,8.1)
,(47,7,4,2.0)
,(47,19,8,2.1)
,(47,20,9,9.4)
,(48,9,11,2.4)
,(48,19,0,6.5)
,(49,2,21,3.7)
,(49,4,1,1.3)
,(49,10,5,8.8)
,(49,14,24,2.6)
,(49,19,9,3.4)
,(50,2,18,7.9)
,(50,11,3,6.7)
,(51,7,22,4.0)
,(51,9,18,0.9)
,(51,19,25,1.5)
,(51,20,11,0.9)
,(52,4,4,5.1)
,(52,11,4,1.3)
,(52,14,0,1.6)
,(53,2,23,7.3)
,(53,9,24,4.3)
,(53,19,6,7.4)
,(54,4,22,6.0)
,(54,7,12,3.0)
,(54,19,22,0.3)
,(54,20,6,1.0)
,(55,7,20,3.5)
,(55,19,7,9.2)
,(56,2,2,6.3)
,(56,4,24,0.7)
,(56,10,7,8.5)
,(56,19,22,1.0)
,(57,2,8,9.1)
,(57,4,7,8.8)
,(57,7,3,1.1)
,(57,20,3,7.3)
,(58,2,3,4.4)
,(58,9,9,3.0)
,(58,19,0,7.0)
,(59,4,17,7.2)
,(59,7,1,8.1)
,(59,19,13,6.1)
,(60,1,2,6.7)
,(60,2,17,3.5)
,(60,7,8,3.3)
,(60,20,10,4.4)
,(61,4,1,6.5)
,(61,19,18,2.7)
,(62,2,4,0.7)
,(62,4,25,5.0)
,(62,14,24,1.9)
,(62,19,25,1.6)
,(63,1,14,6.1)
,(63,7,15,9.3)
,(63,20,4,9.7)
,(64,4,20,1.5)
,(64,11,3,9.0)
,(64,14,12,4.6)
,(64,19,4,8.2)
,(65,2,11,7.5)
,(65,7,18,9.8)
,(65,19,3,1.5)
,(65,20,10,6.2)
,(66,4,9,7.8)
,(66,7,10,4.4)
,(66,19,2,1.7)
,(66,20,25,3.1)
,(67,4,0,3.0)
,(67,11,16,3.0)
,(67,19,12,7.9)
,(68,4,4,3.5)
,(68,7,14,5.9)
,(68,11,24,1.1)
,(68,19,1,5.6)
,(69,4,22,4.0)
,(69,10,5,2.5)
,(69,19,9,5.0)
,(70,4,1,4.1)
,(70,10,19,4.7)
,(70,11,7,6.5)
,(70,19,22,3.8)
,(71,19,20,8.0)
,(72,4,16,9.1)
,(72,9,2,7.2)
,(72,11,7,8.1)
,(72,19,4,1.1)
,(73,19,18,9.4)
,(73,20,9,8.5)
,(74,7,24,5.2)
,(74,9,20,4.5)
,(75,4,6,5.6)
,(75,7,15,1.7)
,(75,9,10,2.6)
,(75,11,5,0.2)
,(75,19,21,2.8)
,(76,2,5,4.9)
,(76,4,21,7.4)
,(76,10,1,1.1)
,(76,14,11,9.2)
,(76,19,17,0.1)
,(77,2,25,9.9)
,(77,10,0,7.7)
,(78,7,4,3.4)
,(78,11,4,0.8)
,(78,19,10,6.5)
,(79,7,18,3.0)
,(79,19,0,4.7)
,(79,20,19,6.4)
,(80,2,2,7.3)
,(80,7,25,9.6)
,(81,2,17,4.0)
,(81,4,25,8.1)
,(81,7,21,6.8)
,(81,19,19,5.3)
,(81,20,18,0.7)
,(82,4,25,2.1)
,(82,7,16,0.8)
,(82,10,24,4.0)
,(82,11,1,5.5)
,(83,2,17,2.7)
,(83,4,24,6.7)
,(83,14,17,6.0)
,(84,2,18,0.2)
,(84,4,13,0.5)
,(84,7,6,1.9)
,(84,19,12,3.8)
,(85,2,21,0.5)
,(85,4,19,9.8)
,(85,7,14,0.1)
,(85,19,5,1.6)
,(86,2,2,4.3)
,(86,4,5,6.4)
,(86,19,1,6.1)
,(86,20,6,7.9)
,(87,4,21,4.5)
,(87,7,22,9.9)
,(87,11,2,2.8)
,(87,19,7,5.7)
,(88,2,10,0.4)
,(88,4,11,0.7)
,(88,19,11,6.2)
,(89,2,21,7.8)
,(89,4,12,6.2)
,(89,19,10,8.6)
,(90,4,15,3.4)
,(90,9,25,3.3)
,(90,19,2,1.7)
,(91,4,12,3.1)
,(91,19,12,4.7)
,(92,7,4,1.4)
,(92,9,13,9.0)
,(92,19,16,5.2)
,(92,20,15,0.5)
,(93,7,21,0.6)
,(93,10,15,7.7)
,(93,11,19,1.6)
,(93,19,13,1.8)
,(94,2,4,8.1)
,(94,4,7,6.4)
,(94,7,19,4.6)
,(94,19,1,8.4)
,(95,7,5,7.5)
,(95,11,19,8.2)
,(95,19,21,3.5)
,(96,4,21,8.6)
,(96,7,23,2.0)
,(96,10,19,7.7)
,(96,11,15,9.3)
,(96,19,17,8.3)
,(97,7,23,6.6)
,(97,9,19,5.6)
,(97,19,20,0.0)
,(98,4,18,1.5)
,(98,7,1,0.0)
,(98,19,9,5.8)
,(98,20,24,1.8)
,(99,2,16,2.5)
,(99,4,0,0.1)
,(99,7,1,9.3)
,(99,19,19,4.5)
,(100,4,20,0.3)
,(100,10,18,6.2)
,(100,11,15,7.5)
,(100,19,15,1.3)
;

