-- Department
INSERT INTO Department (department_name, Budget, Building, head_id) VALUES ('Computer Science', 100000, 'Building A', NULL);
INSERT INTO Department (department_name, Budget, Building, head_id) VALUES ('Engineering', 100000, 'Building B', NULL);
INSERT INTO Department (department_name, Budget, Building, head_id) VALUES ('Mathematics', 100000, 'Building C', NULL);
INSERT INTO Department (department_name, Budget, Building, head_id) VALUES ('Business Administration', 100000, 'Building D', NULL);
-- Professor
INSERT INTO Professor (ID, SSN, Name, Email, Salary, department_name) VALUES ('P001', '055-76-0426', 'Laurie Torres', 'ltorres@example.edu', 14676, 'Mathematics');
INSERT INTO Professor (ID, SSN, Name, Email, Salary, department_name) VALUES ('P002', '008-04-8872', 'Chris Griffin', 'cgriffin@example.edu', 13453, 'Computer Science');
INSERT INTO Professor (ID, SSN, Name, Email, Salary, department_name) VALUES ('P003', '491-46-2215', 'Michelle Stone', 'mstone@example.edu', 5029, 'Computer Science');
INSERT INTO Professor (ID, SSN, Name, Email, Salary, department_name) VALUES ('P004', '635-86-8799', 'Holly Roberts', 'hroberts@example.edu', 13204, 'Computer Science');
INSERT INTO Professor (ID, SSN, Name, Email, Salary, department_name) VALUES ('P005', '111-49-3181', 'John Gordon', 'jgordon@example.edu', 6746, 'Mathematics');
INSERT INTO Professor (ID, SSN, Name, Email, Salary, department_name) VALUES ('P006', '363-83-4019', 'Andrew Williams', 'awilliams@example.edu', 4985, 'Business Administration');
INSERT INTO Professor (ID, SSN, Name, Email, Salary, department_name) VALUES ('P007', '098-06-4042', 'Linda Mcdaniel', 'lmcdaniel@example.edu', 12869, 'Engineering');
INSERT INTO Professor (ID, SSN, Name, Email, Salary, department_name) VALUES ('P008', '747-54-2754', 'Cory Avery', 'cavery@example.edu', 5591, 'Computer Science');
INSERT INTO Professor (ID, SSN, Name, Email, Salary, department_name) VALUES ('P009', '275-02-6948', 'Jennifer Sanchez', 'jsanchez@example.edu', 4520, 'Computer Science');
INSERT INTO Professor (ID, SSN, Name, Email, Salary, department_name) VALUES ('P010', '847-78-1144', 'Heather Lee', 'hlee@example.edu', 13571, 'Engineering');
INSERT INTO Professor (ID, SSN, Name, Email, Salary, department_name) VALUES ('P011', '166-36-6439', 'Stephanie Davis', 'sdavis@example.edu', 12227, 'Engineering');
INSERT INTO Professor (ID, SSN, Name, Email, Salary, department_name) VALUES ('P012', '266-43-1689', 'Vanessa Vazquez', 'vvazquez@example.edu', 14495, 'Mathematics');
INSERT INTO Professor (ID, SSN, Name, Email, Salary, department_name) VALUES ('P013', '356-21-6087', 'Travis Jimenez', 'tjimenez@example.edu', 12577, 'Business Administration');
INSERT INTO Professor (ID, SSN, Name, Email, Salary, department_name) VALUES ('P014', '168-34-6940', 'Michael Nguyen', 'mnguyen@example.edu', 14977, 'Computer Science');
INSERT INTO Professor (ID, SSN, Name, Email, Salary, department_name) VALUES ('P015', '410-58-7843', 'Kathleen Morris', 'kmorris@example.edu', 6332, 'Mathematics');
INSERT INTO Professor (ID, SSN, Name, Email, Salary, department_name) VALUES ('P016', '746-23-4890', 'Timothy Jones', 'tjones@example.edu', 5470, 'Business Administration');
INSERT INTO Professor (ID, SSN, Name, Email, Salary, department_name) VALUES ('P017', '695-51-5760', 'Christopher Mckay', 'cmckay@example.edu', 11766, 'Mathematics');
INSERT INTO Professor (ID, SSN, Name, Email, Salary, department_name) VALUES ('P018', '156-50-3362', 'Daniel Murphy', 'dmurphy@example.edu', 7862, 'Engineering');
INSERT INTO Professor (ID, SSN, Name, Email, Salary, department_name) VALUES ('P019', '612-49-2680', 'Janet Allen', 'jallen@example.edu', 7800, 'Business Administration');
INSERT INTO Professor (ID, SSN, Name, Email, Salary, department_name) VALUES ('P020', '716-50-6110', 'Corey Parker', 'cparker@example.edu', 13578, 'Engineering');
INSERT INTO Professor (ID, SSN, Name, Email, Salary, department_name) VALUES ('P021', '417-91-1922', 'Jennifer Burton', 'jburton@example.edu', 11520, 'Computer Science');
INSERT INTO Professor (ID, SSN, Name, Email, Salary, department_name) VALUES ('P022', '327-20-3444', 'Samantha Montes', 'smontes@example.edu', 10306, 'Business Administration');
INSERT INTO Professor (ID, SSN, Name, Email, Salary, department_name) VALUES ('P023', '234-73-1652', 'Judy Moreno', 'jmoreno@example.edu', 6312, 'Computer Science');
INSERT INTO Professor (ID, SSN, Name, Email, Salary, department_name) VALUES ('P024', '393-37-4178', 'Ryan Barajas', 'rbarajas@example.edu', 5868, 'Computer Science');
INSERT INTO Professor (ID, SSN, Name, Email, Salary, department_name) VALUES ('P025', '788-69-8800', 'Nancy Terry', 'nterry@example.edu', 8197, 'Mathematics');
-- Update Department Heads
UPDATE Department SET head_id = 'P003' WHERE department_name = 'Computer Science';
UPDATE Department SET head_id = 'P020' WHERE department_name = 'Engineering';
UPDATE Department SET head_id = 'P017' WHERE department_name = 'Mathematics';
UPDATE Department SET head_id = 'P006' WHERE department_name = 'Business Administration';
-- Course
INSERT INTO Course (course_id, course_name, department_name) VALUES ('CS101', 'Computer Science', 'Computer Science');
INSERT INTO Course (course_id, course_name, department_name) VALUES ('ME101', 'Mechanical Engineering', 'Engineering');
INSERT INTO Course (course_id, course_name, department_name) VALUES ('IE101', 'Industrial Engineering', 'Engineering');
INSERT INTO Course (course_id, course_name, department_name) VALUES ('BA101', 'Business Administration', 'Business Administration');
INSERT INTO Course (course_id, course_name, department_name) VALUES ('MA101', 'Mathematics', 'Mathematics');
INSERT INTO Course (course_id, course_name, department_name) VALUES ('EE101', 'Electrical Engineering', 'Engineering');
INSERT INTO Course (course_id, course_name, department_name) VALUES ('CE101', 'Civil Engineering', 'Engineering');
INSERT INTO Course (course_id, course_name, department_name) VALUES ('ChE101', 'Chemical Engineering', 'Engineering');
INSERT INTO Course (course_id, course_name, department_name) VALUES ('CAE101', 'Control and Automation Engineering', 'Engineering');
INSERT INTO Course (course_id, course_name, department_name) VALUES ('CSE101', 'Computer Science Engineering', 'Computer Science');
-- Student
INSERT INTO Student (ID, SSN, Name, Email, course_id) VALUES ('S0001', '735-53-4139', 'Kathy Peterson', 'kpeterson@example.edu', 'ME101');
INSERT INTO Student (ID, SSN, Name, Email, course_id) VALUES ('S0002', '509-46-8243', 'Patrick Le', 'ple@example.edu', 'EE101');
INSERT INTO Student (ID, SSN, Name, Email, course_id) VALUES ('S0003', '335-65-6222', 'Theresa Miller', 'tmiller@example.edu', 'BA101');
INSERT INTO Student (ID, SSN, Name, Email, course_id) VALUES ('S0004', '449-99-3181', 'Erin Smith', 'esmith@example.edu', 'CS101');
INSERT INTO Student (ID, SSN, Name, Email, course_id) VALUES ('S0005', '710-92-0675', 'Darren Durham', 'ddurham@example.edu', 'CE101');
INSERT INTO Student (ID, SSN, Name, Email, course_id) VALUES ('S0006', '042-56-8563', 'Robert Yu', 'ryu@example.edu', 'CSE101');
INSERT INTO Student (ID, SSN, Name, Email, course_id) VALUES ('S0007', '603-15-5175', 'Erin Clark', 'eclark@example.edu', 'EE101');
INSERT INTO Student (ID, SSN, Name, Email, course_id) VALUES ('S0008', '690-32-6249', 'Trevor Noble', 'tnoble@example.edu', 'EE101');
INSERT INTO Student (ID, SSN, Name, Email, course_id) VALUES ('S0009', '353-40-1961', 'Sheri Robinson', 'srobinson@example.edu', 'ME101');
INSERT INTO Student (ID, SSN, Name, Email, course_id) VALUES ('S0010', '078-50-9335', 'Nicholas Christian', 'nchristian@example.edu', 'MA101');
INSERT INTO Student (ID, SSN, Name, Email, course_id) VALUES ('S0011', '006-43-7130', 'Scott Tucker', 'stucker@example.edu', 'ChE101');
INSERT INTO Student (ID, SSN, Name, Email, course_id) VALUES ('S0012', '279-19-2956', 'Jessica Davis', 'jdavis@example.edu', 'BA101');
INSERT INTO Student (ID, SSN, Name, Email, course_id) VALUES ('S0013', '161-36-8312', 'Jennifer Tucker', 'jtucker@example.edu', 'MA101');
INSERT INTO Student (ID, SSN, Name, Email, course_id) VALUES ('S0014', '057-80-2094', 'Monique Brown', 'mbrown@example.edu', 'CAE101');
INSERT INTO Student (ID, SSN, Name, Email, course_id) VALUES ('S0015', '118-63-4779', 'Erin Morgan', 'emorgan@example.edu', 'IE101');
INSERT INTO Student (ID, SSN, Name, Email, course_id) VALUES ('S0016', '270-44-7634', 'Jeffrey Adams', 'jadams@example.edu', 'BA101');
INSERT INTO Student (ID, SSN, Name, Email, course_id) VALUES ('S0017', '826-93-6437', 'Sue Stevenson', 'sstevenson@example.edu', 'CAE101');
INSERT INTO Student (ID, SSN, Name, Email, course_id) VALUES ('S0018', '196-07-1160', 'Curtis Tucker', 'ctucker@example.edu', 'CSE101');
INSERT INTO Student (ID, SSN, Name, Email, course_id) VALUES ('S0019', '489-57-2595', 'Veronica Kirby', 'vkirby@example.edu', 'ME101');
INSERT INTO Student (ID, SSN, Name, Email, course_id) VALUES ('S0020', '340-48-5702', 'Isabel Copeland', 'icopeland@example.edu', 'ME101');
INSERT INTO Student (ID, SSN, Name, Email, course_id) VALUES ('S0021', '281-34-0070', 'Rebecca Baxter', 'rbaxter@example.edu', 'CAE101');
INSERT INTO Student (ID, SSN, Name, Email, course_id) VALUES ('S0022', '494-27-5347', 'Logan Conway', 'lconway@example.edu', 'MA101');
INSERT INTO Student (ID, SSN, Name, Email, course_id) VALUES ('S0023', '514-16-0214', 'Jamie Larson', 'jlarson@example.edu', 'ME101');
INSERT INTO Student (ID, SSN, Name, Email, course_id) VALUES ('S0024', '581-39-0372', 'Patricia Stevens', 'pstevens@example.edu', 'CAE101');
INSERT INTO Student (ID, SSN, Name, Email, course_id) VALUES ('S0025', '857-99-8015', 'Alexander Wright', 'awright@example.edu', 'MA101');
INSERT INTO Student (ID, SSN, Name, Email, course_id) VALUES ('S0026', '622-31-8511', 'Gerald Lee', 'glee@example.edu', 'MA101');
INSERT INTO Student (ID, SSN, Name, Email, course_id) VALUES ('S0027', '791-38-8399', 'Abigail Snyder', 'asnyder@example.edu', 'IE101');
INSERT INTO Student (ID, SSN, Name, Email, course_id) VALUES ('S0028', '151-56-2603', 'Joshua Walker', 'jwalker@example.edu', 'BA101');
INSERT INTO Student (ID, SSN, Name, Email, course_id) VALUES ('S0029', '321-58-9525', 'Nancy Ray', 'nray@example.edu', 'ChE101');
INSERT INTO Student (ID, SSN, Name, Email, course_id) VALUES ('S0030', '667-65-3507', 'Megan Rodriguez', 'mrodriguez@example.edu', 'ChE101');
INSERT INTO Student (ID, SSN, Name, Email, course_id) VALUES ('S0031', '115-67-7938', 'Carolyn Davidson', 'cdavidson@example.edu', 'IE101');
INSERT INTO Student (ID, SSN, Name, Email, course_id) VALUES ('S0032', '669-35-7360', 'Jesse Perez', 'jperez@example.edu', 'EE101');
INSERT INTO Student (ID, SSN, Name, Email, course_id) VALUES ('S0033', '811-03-3531', 'Rebecca Burns', 'rburns@example.edu', 'MA101');
INSERT INTO Student (ID, SSN, Name, Email, course_id) VALUES ('S0034', '329-23-4116', 'Amy Jones', 'ajones@example.edu', 'CS101');
INSERT INTO Student (ID, SSN, Name, Email, course_id) VALUES ('S0035', '259-98-4161', 'Mark Wood', 'mwood@example.edu', 'CS101');
INSERT INTO Student (ID, SSN, Name, Email, course_id) VALUES ('S0036', '281-11-4995', 'John Duran III', 'jduran@example.edu', 'CSE101');
INSERT INTO Student (ID, SSN, Name, Email, course_id) VALUES ('S0037', '874-18-4174', 'Paige Davidson', 'pdavidson@example.edu', 'MA101');
INSERT INTO Student (ID, SSN, Name, Email, course_id) VALUES ('S0038', '571-33-9921', 'Johnny Flores', 'jflores@example.edu', 'CS101');
INSERT INTO Student (ID, SSN, Name, Email, course_id) VALUES ('S0039', '508-55-6901', 'April Reynolds', 'areynolds@example.edu', 'CS101');
INSERT INTO Student (ID, SSN, Name, Email, course_id) VALUES ('S0040', '524-72-0028', 'Lindsey Richards', 'lrichards@example.edu', 'CE101');
INSERT INTO Student (ID, SSN, Name, Email, course_id) VALUES ('S0041', '404-07-5062', 'Thomas Mitchell', 'tmitchell@example.edu', 'CAE101');
INSERT INTO Student (ID, SSN, Name, Email, course_id) VALUES ('S0042', '168-46-7275', 'Amber Luna', 'aluna@example.edu', 'EE101');
INSERT INTO Student (ID, SSN, Name, Email, course_id) VALUES ('S0043', '861-31-3367', 'John Bradshaw', 'jbradshaw@example.edu', 'ME101');
INSERT INTO Student (ID, SSN, Name, Email, course_id) VALUES ('S0044', '485-64-6812', 'Sarah Taylor', 'staylor@example.edu', 'ME101');
INSERT INTO Student (ID, SSN, Name, Email, course_id) VALUES ('S0045', '206-40-3706', 'Kathleen White', 'kwhite@example.edu', 'MA101');
INSERT INTO Student (ID, SSN, Name, Email, course_id) VALUES ('S0046', '087-91-8191', 'Crystal Rogers', 'crogers@example.edu', 'MA101');
INSERT INTO Student (ID, SSN, Name, Email, course_id) VALUES ('S0047', '541-12-8047', 'Allison Hernandez MD', 'ahernandez@example.edu', 'ME101');
INSERT INTO Student (ID, SSN, Name, Email, course_id) VALUES ('S0048', '493-90-6123', 'Scott Hunter', 'shunter@example.edu', 'BA101');
INSERT INTO Student (ID, SSN, Name, Email, course_id) VALUES ('S0049', '377-75-5142', 'Collin Kim', 'ckim@example.edu', 'CSE101');
INSERT INTO Student (ID, SSN, Name, Email, course_id) VALUES ('S0050', '751-08-6227', 'Jill Mcdonald', 'jmcdonald@example.edu', 'CAE101');
INSERT INTO Student (ID, SSN, Name, Email, course_id) VALUES ('S0051', '420-29-7777', 'Sherry Byrd', 'sbyrd@example.edu', 'CE101');
INSERT INTO Student (ID, SSN, Name, Email, course_id) VALUES ('S0052', '181-12-0661', 'Michael Thomas', 'mthomas@example.edu', 'CE101');
INSERT INTO Student (ID, SSN, Name, Email, course_id) VALUES ('S0053', '297-93-9434', 'James Perez', 'jperez@example.edu', 'EE101');
INSERT INTO Student (ID, SSN, Name, Email, course_id) VALUES ('S0054', '401-15-5605', 'Elizabeth Hernandez', 'ehernandez@example.edu', 'IE101');
INSERT INTO Student (ID, SSN, Name, Email, course_id) VALUES ('S0055', '736-78-7490', 'Craig Morales', 'cmorales@example.edu', 'CSE101');
INSERT INTO Student (ID, SSN, Name, Email, course_id) VALUES ('S0056', '515-63-2061', 'Dalton Hensley', 'dhensley@example.edu', 'MA101');
INSERT INTO Student (ID, SSN, Name, Email, course_id) VALUES ('S0057', '137-29-1600', 'Brandon Brown', 'bbrown@example.edu', 'EE101');
INSERT INTO Student (ID, SSN, Name, Email, course_id) VALUES ('S0058', '842-82-5911', 'John Green', 'jgreen@example.edu', 'ME101');
INSERT INTO Student (ID, SSN, Name, Email, course_id) VALUES ('S0059', '235-74-3814', 'William Cannon', 'wcannon@example.edu', 'EE101');
INSERT INTO Student (ID, SSN, Name, Email, course_id) VALUES ('S0060', '503-57-8609', 'Jacob Bautista', 'jbautista@example.edu', 'CSE101');
INSERT INTO Student (ID, SSN, Name, Email, course_id) VALUES ('S0061', '349-18-9903', 'Brittany Shah', 'bshah@example.edu', 'CS101');
INSERT INTO Student (ID, SSN, Name, Email, course_id) VALUES ('S0062', '452-32-4095', 'Jessica Hensley', 'jhensley@example.edu', 'MA101');
INSERT INTO Student (ID, SSN, Name, Email, course_id) VALUES ('S0063', '688-52-4212', 'Tammy Sosa', 'tsosa@example.edu', 'MA101');
INSERT INTO Student (ID, SSN, Name, Email, course_id) VALUES ('S0064', '691-36-7398', 'Anthony Shepard', 'ashepard@example.edu', 'BA101');
INSERT INTO Student (ID, SSN, Name, Email, course_id) VALUES ('S0065', '695-60-5801', 'Glen Morse', 'gmorse@example.edu', 'ChE101');
INSERT INTO Student (ID, SSN, Name, Email, course_id) VALUES ('S0066', '317-81-3682', 'Christine Brady', 'cbrady@example.edu', 'CAE101');
INSERT INTO Student (ID, SSN, Name, Email, course_id) VALUES ('S0067', '533-76-0944', 'Aaron Gregory', 'agregory@example.edu', 'BA101');
INSERT INTO Student (ID, SSN, Name, Email, course_id) VALUES ('S0068', '179-27-5602', 'Michael Johnson', 'mjohnson@example.edu', 'CAE101');
INSERT INTO Student (ID, SSN, Name, Email, course_id) VALUES ('S0069', '688-30-0192', 'Andrew Murphy', 'amurphy@example.edu', 'BA101');
INSERT INTO Student (ID, SSN, Name, Email, course_id) VALUES ('S0070', '882-45-7567', 'Cindy Hernandez', 'chernandez@example.edu', 'EE101');
INSERT INTO Student (ID, SSN, Name, Email, course_id) VALUES ('S0071', '857-43-2451', 'Scott Sanford', 'ssanford@example.edu', 'EE101');
INSERT INTO Student (ID, SSN, Name, Email, course_id) VALUES ('S0072', '749-23-2365', 'Stephanie Dyer', 'sdyer@example.edu', 'ChE101');
INSERT INTO Student (ID, SSN, Name, Email, course_id) VALUES ('S0073', '199-87-4050', 'Heather Schroeder', 'hschroeder@example.edu', 'ChE101');
INSERT INTO Student (ID, SSN, Name, Email, course_id) VALUES ('S0074', '215-74-2503', 'Susan Bates', 'sbates@example.edu', 'CAE101');
INSERT INTO Student (ID, SSN, Name, Email, course_id) VALUES ('S0075', '339-88-6172', 'Kevin Edwards', 'kedwards@example.edu', 'CS101');
INSERT INTO Student (ID, SSN, Name, Email, course_id) VALUES ('S0076', '647-67-9413', 'Jill Roy', 'jroy@example.edu', 'CSE101');
INSERT INTO Student (ID, SSN, Name, Email, course_id) VALUES ('S0077', '281-48-5081', 'Christina Herman', 'cherman@example.edu', 'CS101');
INSERT INTO Student (ID, SSN, Name, Email, course_id) VALUES ('S0078', '747-73-2204', 'Jeffery White', 'jwhite@example.edu', 'CS101');
INSERT INTO Student (ID, SSN, Name, Email, course_id) VALUES ('S0079', '473-15-9052', 'Hannah Johnson', 'hjohnson@example.edu', 'ChE101');
INSERT INTO Student (ID, SSN, Name, Email, course_id) VALUES ('S0080', '046-97-8302', 'Erika Montgomery', 'emontgomery@example.edu', 'EE101');
INSERT INTO Student (ID, SSN, Name, Email, course_id) VALUES ('S0081', '876-70-6730', 'Patrick Holt', 'pholt@example.edu', 'MA101');
INSERT INTO Student (ID, SSN, Name, Email, course_id) VALUES ('S0082', '169-67-8234', 'Mark Bowers', 'mbowers@example.edu', 'CAE101');
INSERT INTO Student (ID, SSN, Name, Email, course_id) VALUES ('S0083', '225-09-5924', 'Jason Nunez', 'jnunez@example.edu', 'BA101');
INSERT INTO Student (ID, SSN, Name, Email, course_id) VALUES ('S0084', '328-19-8951', 'Debra Jones', 'djones@example.edu', 'ChE101');
INSERT INTO Student (ID, SSN, Name, Email, course_id) VALUES ('S0085', '424-40-1251', 'Cathy Evans', 'cevans@example.edu', 'CS101');
INSERT INTO Student (ID, SSN, Name, Email, course_id) VALUES ('S0086', '747-98-5324', 'Angelica Walker', 'awalker@example.edu', 'CS101');
INSERT INTO Student (ID, SSN, Name, Email, course_id) VALUES ('S0087', '784-92-8371', 'Brooke Obrien', 'bobrien@example.edu', 'CAE101');
INSERT INTO Student (ID, SSN, Name, Email, course_id) VALUES ('S0088', '424-85-3095', 'Mrs. Linda Young', 'mlinda@example.edu', 'BA101');
INSERT INTO Student (ID, SSN, Name, Email, course_id) VALUES ('S0089', '398-32-1303', 'Joshua Lambert', 'jlambert@example.edu', 'CSE101');
INSERT INTO Student (ID, SSN, Name, Email, course_id) VALUES ('S0090', '263-13-5589', 'Kimberly Rodriguez', 'krodriguez@example.edu', 'CAE101');
INSERT INTO Student (ID, SSN, Name, Email, course_id) VALUES ('S0091', '061-60-8861', 'Juan Weaver', 'jweaver@example.edu', 'ME101');
INSERT INTO Student (ID, SSN, Name, Email, course_id) VALUES ('S0092', '421-46-2023', 'Sherri Clark', 'sclark@example.edu', 'ME101');
INSERT INTO Student (ID, SSN, Name, Email, course_id) VALUES ('S0093', '110-10-2493', 'Samantha Vaughn', 'svaughn@example.edu', 'BA101');
INSERT INTO Student (ID, SSN, Name, Email, course_id) VALUES ('S0094', '762-43-3010', 'Elizabeth Tyler', 'etyler@example.edu', 'ME101');
INSERT INTO Student (ID, SSN, Name, Email, course_id) VALUES ('S0095', '662-10-5436', 'Paul Macdonald', 'pmacdonald@example.edu', 'EE101');
INSERT INTO Student (ID, SSN, Name, Email, course_id) VALUES ('S0096', '003-53-5202', 'Amanda Morse', 'amorse@example.edu', 'EE101');
INSERT INTO Student (ID, SSN, Name, Email, course_id) VALUES ('S0097', '776-11-3968', 'Donna Ingram', 'dingram@example.edu', 'CSE101');
INSERT INTO Student (ID, SSN, Name, Email, course_id) VALUES ('S0098', '772-56-0259', 'Alex Ware', 'aware@example.edu', 'ChE101');
INSERT INTO Student (ID, SSN, Name, Email, course_id) VALUES ('S0099', '847-31-1972', 'Lynn Ballard', 'lballard@example.edu', 'CE101');
INSERT INTO Student (ID, SSN, Name, Email, course_id) VALUES ('S0100', '189-73-4479', 'Kelly Marsh', 'kmarsh@example.edu', 'CS101');
-- Subject
INSERT INTO Subject (subject_id, subject_name, department_name, course_id) VALUES ('DB101', 'Database Systems', 'Computer Science', 'CS101');
INSERT INTO Subject (subject_id, subject_name, department_name, course_id) VALUES ('CA101', 'Calculus I', 'Mathematics', 'MA101');
INSERT INTO Subject (subject_id, subject_name, department_name, course_id) VALUES ('SE101', 'Software Engineering', 'Computer Science', 'CS101');
INSERT INTO Subject (subject_id, subject_name, department_name, course_id) VALUES ('LA101', 'Linear Algebra', 'Mathematics', 'MA101');
INSERT INTO Subject (subject_id, subject_name, department_name, course_id) VALUES ('LO101', 'Logistics', 'Business Administration', 'BA101');
INSERT INTO Subject (subject_id, subject_name, department_name, course_id) VALUES ('CA102', 'Control and Automation', 'Engineering', 'ME101');
INSERT INTO Subject (subject_id, subject_name, department_name, course_id) VALUES ('P101', 'Programming I', 'Computer Science', 'CSE101');
INSERT INTO Subject (subject_id, subject_name, department_name, course_id) VALUES ('P102', 'Programming II', 'Computer Science', 'CS101');
INSERT INTO Subject (subject_id, subject_name, department_name, course_id) VALUES ('PH101', 'Physics I', 'Engineering', 'ME101');
INSERT INTO Subject (subject_id, subject_name, department_name, course_id) VALUES ('PH102', 'Physics II', 'Engineering', 'ME101');
INSERT INTO Subject (subject_id, subject_name, department_name, course_id) VALUES ('CH101', 'General Chemistry', 'Engineering', 'ChE101');
INSERT INTO Subject (subject_id, subject_name, department_name, course_id) VALUES ('TH101', 'Thermodynamics', 'Engineering', 'EE101');
INSERT INTO Subject (subject_id, subject_name, department_name, course_id) VALUES ('MS101', 'Strength of Materials', 'Engineering', 'CE101');
INSERT INTO Subject (subject_id, subject_name, department_name, course_id) VALUES ('MF101', 'Fluid Mechanics', 'Engineering', 'CAE101');
INSERT INTO Subject (subject_id, subject_name, department_name, course_id) VALUES ('CN101', 'Computer Networks', 'Computer Science', 'CSE101');
-- Curriculum Matrix
INSERT INTO CurriculumMatrix (course_id, subject_id) VALUES ('CS101', 'P101');
INSERT INTO CurriculumMatrix (course_id, subject_id) VALUES ('CS101', 'CN101');
INSERT INTO CurriculumMatrix (course_id, subject_id) VALUES ('CS101', 'CA101');
INSERT INTO CurriculumMatrix (course_id, subject_id) VALUES ('ME101', 'PH101');
INSERT INTO CurriculumMatrix (course_id, subject_id) VALUES ('ME101', 'LA101');
INSERT INTO CurriculumMatrix (course_id, subject_id) VALUES ('ME101', 'CH101');
INSERT INTO CurriculumMatrix (course_id, subject_id) VALUES ('IE101', 'CH101');
INSERT INTO CurriculumMatrix (course_id, subject_id) VALUES ('IE101', 'PH101');
INSERT INTO CurriculumMatrix (course_id, subject_id) VALUES ('IE101', 'CA101');
INSERT INTO CurriculumMatrix (course_id, subject_id) VALUES ('BA101', 'LO101');
INSERT INTO CurriculumMatrix (course_id, subject_id) VALUES ('BA101', 'CA101');
INSERT INTO CurriculumMatrix (course_id, subject_id) VALUES ('BA101', 'LA101');
INSERT INTO CurriculumMatrix (course_id, subject_id) VALUES ('MA101', 'P102');
INSERT INTO CurriculumMatrix (course_id, subject_id) VALUES ('MA101', 'CN101');
INSERT INTO CurriculumMatrix (course_id, subject_id) VALUES ('MA101', 'P101');
INSERT INTO CurriculumMatrix (course_id, subject_id) VALUES ('EE101', 'CH101');
INSERT INTO CurriculumMatrix (course_id, subject_id) VALUES ('EE101', 'PH101');
INSERT INTO CurriculumMatrix (course_id, subject_id) VALUES ('EE101', 'CA101');
INSERT INTO CurriculumMatrix (course_id, subject_id) VALUES ('CE101', 'MF101');
INSERT INTO CurriculumMatrix (course_id, subject_id) VALUES ('CE101', 'PH101');
INSERT INTO CurriculumMatrix (course_id, subject_id) VALUES ('CE101', 'PH102');
INSERT INTO CurriculumMatrix (course_id, subject_id) VALUES ('ChE101', 'CH101');
INSERT INTO CurriculumMatrix (course_id, subject_id) VALUES ('ChE101', 'CA102');
INSERT INTO CurriculumMatrix (course_id, subject_id) VALUES ('ChE101', 'PH102');
INSERT INTO CurriculumMatrix (course_id, subject_id) VALUES ('CAE101', 'PH102');
INSERT INTO CurriculumMatrix (course_id, subject_id) VALUES ('CAE101', 'CH101');
INSERT INTO CurriculumMatrix (course_id, subject_id) VALUES ('CAE101', 'MF101');
INSERT INTO CurriculumMatrix (course_id, subject_id) VALUES ('CSE101', 'CA101');
INSERT INTO CurriculumMatrix (course_id, subject_id) VALUES ('CSE101', 'DB101');
INSERT INTO CurriculumMatrix (course_id, subject_id) VALUES ('CSE101', 'P101');
-- Enrolled
INSERT INTO Enrolled (ID, subject_id, Semester, Year, Grade, status) VALUES ('S0087', 'PH102', '2023-1', 2023, 5.0, 'Passed');
INSERT INTO Enrolled (ID, subject_id, Semester, Year, Grade, status) VALUES ('S0087', 'CH101', '2023-1', 2023, 5.0, 'Passed');
INSERT INTO Enrolled (ID, subject_id, Semester, Year, Grade, status) VALUES ('S0087', 'MF101', '2023-1', 2023, 5.0, 'Passed');
INSERT INTO Enrolled (ID, subject_id, Semester, Year, Grade, status) VALUES ('S0022', 'P102', '2023-2', 2023, 5.0, 'Passed');
INSERT INTO Enrolled (ID, subject_id, Semester, Year, Grade, status) VALUES ('S0022', 'CN101', '2023-2', 2023, 5.0, 'Passed');
INSERT INTO Enrolled (ID, subject_id, Semester, Year, Grade, status) VALUES ('S0022', 'P101', '2023-2', 2023, 5.0, 'Passed');
INSERT INTO Enrolled (ID, subject_id, Semester, Year, Grade, status) VALUES ('S0001', 'PH101', '2023-1', 2023, NULL, 'Enrolled');
INSERT INTO Enrolled (ID, subject_id, Semester, Year, Grade, status) VALUES ('S0001', 'LA101', '2023-1', 2023, 5.8, 'Passed');
INSERT INTO Enrolled (ID, subject_id, Semester, Year, Grade, status) VALUES ('S0001', 'CH101', '2023-2', 2023, 2.3, 'Failed');
INSERT INTO Enrolled (ID, subject_id, Semester, Year, Grade, status) VALUES ('S0002', 'CH101', '2023-1', 2023, NULL, 'Enrolled');
INSERT INTO Enrolled (ID, subject_id, Semester, Year, Grade, status) VALUES ('S0002', 'PH101', '2023-1', 2023, 8.3, 'Passed');
INSERT INTO Enrolled (ID, subject_id, Semester, Year, Grade, status) VALUES ('S0002', 'CA101', '2023-2', 2023, 7.7, 'Passed');
INSERT INTO Enrolled (ID, subject_id, Semester, Year, Grade, status) VALUES ('S0003', 'LO101', '2024-2', 2024, NULL, 'Enrolled');
INSERT INTO Enrolled (ID, subject_id, Semester, Year, Grade, status) VALUES ('S0003', 'CA101', '2023-1', 2023, NULL, 'Enrolled');
INSERT INTO Enrolled (ID, subject_id, Semester, Year, Grade, status) VALUES ('S0003', 'LA101', '2023-1', 2023, NULL, 'Enrolled');
INSERT INTO Enrolled (ID, subject_id, Semester, Year, Grade, status) VALUES ('S0004', 'P101', '2023-2', 2023, NULL, 'Enrolled');
INSERT INTO Enrolled (ID, subject_id, Semester, Year, Grade, status) VALUES ('S0004', 'CN101', '2023-1', 2023, 7.7, 'Passed');
INSERT INTO Enrolled (ID, subject_id, Semester, Year, Grade, status) VALUES ('S0004', 'CA101', '2024-2', 2024, NULL, 'Enrolled');
INSERT INTO Enrolled (ID, subject_id, Semester, Year, Grade, status) VALUES ('S0006', 'CA101', '2023-2', 2023, NULL, 'Enrolled');
INSERT INTO Enrolled (ID, subject_id, Semester, Year, Grade, status) VALUES ('S0006', 'DB101', '2024-1', 2024, NULL, 'Enrolled');
INSERT INTO Enrolled (ID, subject_id, Semester, Year, Grade, status) VALUES ('S0006', 'P101', '2024-2', 2024, 2.5, 'Failed');
INSERT INTO Enrolled (ID, subject_id, Semester, Year, Grade, status) VALUES ('S0007', 'CH101', '2023-2', 2023, 7.0, 'Passed');
INSERT INTO Enrolled (ID, subject_id, Semester, Year, Grade, status) VALUES ('S0007', 'PH101', '2024-2', 2024, 6.4, 'Passed');
INSERT INTO Enrolled (ID, subject_id, Semester, Year, Grade, status) VALUES ('S0007', 'CA101', '2024-2', 2024, NULL, 'Enrolled');
INSERT INTO Enrolled (ID, subject_id, Semester, Year, Grade, status) VALUES ('S0008', 'CH101', '2023-2', 2023, 2.4, 'Failed');
INSERT INTO Enrolled (ID, subject_id, Semester, Year, Grade, status) VALUES ('S0008', 'PH101', '2024-2', 2024, NULL, 'Enrolled');
INSERT INTO Enrolled (ID, subject_id, Semester, Year, Grade, status) VALUES ('S0008', 'CA101', '2023-2', 2023, 0.3, 'Failed');
INSERT INTO Enrolled (ID, subject_id, Semester, Year, Grade, status) VALUES ('S0009', 'PH101', '2023-2', 2023, NULL, 'Enrolled');
INSERT INTO Enrolled (ID, subject_id, Semester, Year, Grade, status) VALUES ('S0009', 'LA101', '2023-1', 2023, NULL, 'Enrolled');
INSERT INTO Enrolled (ID, subject_id, Semester, Year, Grade, status) VALUES ('S0009', 'CH101', '2024-1', 2024, 2.1, 'Failed');
INSERT INTO Enrolled (ID, subject_id, Semester, Year, Grade, status) VALUES ('S0010', 'P102', '2023-1', 2023, 2.3, 'Failed');
INSERT INTO Enrolled (ID, subject_id, Semester, Year, Grade, status) VALUES ('S0010', 'CN101', '2023-2', 2023, NULL, 'Enrolled');
INSERT INTO Enrolled (ID, subject_id, Semester, Year, Grade, status) VALUES ('S0010', 'P101', '2023-1', 2023, NULL, 'Enrolled');
INSERT INTO Enrolled (ID, subject_id, Semester, Year, Grade, status) VALUES ('S0012', 'LO101', '2023-1', 2023, 0.5, 'Failed');
INSERT INTO Enrolled (ID, subject_id, Semester, Year, Grade, status) VALUES ('S0012', 'CA101', '2024-2', 2024, NULL, 'Enrolled');
INSERT INTO Enrolled (ID, subject_id, Semester, Year, Grade, status) VALUES ('S0012', 'LA101', '2023-1', 2023, NULL, 'Enrolled');
INSERT INTO Enrolled (ID, subject_id, Semester, Year, Grade, status) VALUES ('S0013', 'P102', '2024-2', 2024, 3.4, 'Failed');
INSERT INTO Enrolled (ID, subject_id, Semester, Year, Grade, status) VALUES ('S0013', 'CN101', '2024-1', 2024, 6.2, 'Passed');
INSERT INTO Enrolled (ID, subject_id, Semester, Year, Grade, status) VALUES ('S0013', 'P101', '2024-1', 2024, NULL, 'Enrolled');
INSERT INTO Enrolled (ID, subject_id, Semester, Year, Grade, status) VALUES ('S0014', 'PH102', '2023-1', 2023, 1.7, 'Failed');
INSERT INTO Enrolled (ID, subject_id, Semester, Year, Grade, status) VALUES ('S0014', 'CH101', '2024-2', 2024, 0.8, 'Failed');
INSERT INTO Enrolled (ID, subject_id, Semester, Year, Grade, status) VALUES ('S0014', 'MF101', '2024-2', 2024, NULL, 'Enrolled');
INSERT INTO Enrolled (ID, subject_id, Semester, Year, Grade, status) VALUES ('S0015', 'CH101', '2023-1', 2023, 3.1, 'Failed');
INSERT INTO Enrolled (ID, subject_id, Semester, Year, Grade, status) VALUES ('S0015', 'PH101', '2023-1', 2023, NULL, 'Enrolled');
INSERT INTO Enrolled (ID, subject_id, Semester, Year, Grade, status) VALUES ('S0015', 'CA101', '2023-1', 2023, NULL, 'Enrolled');
INSERT INTO Enrolled (ID, subject_id, Semester, Year, Grade, status) VALUES ('S0016', 'LO101', '2023-2', 2023, NULL, 'Enrolled');
INSERT INTO Enrolled (ID, subject_id, Semester, Year, Grade, status) VALUES ('S0016', 'CA101', '2024-1', 2024, 9.6, 'Passed');
INSERT INTO Enrolled (ID, subject_id, Semester, Year, Grade, status) VALUES ('S0016', 'LA101', '2024-2', 2024, NULL, 'Enrolled');
INSERT INTO Enrolled (ID, subject_id, Semester, Year, Grade, status) VALUES ('S0017', 'PH102', '2023-1', 2023, NULL, 'Enrolled');
INSERT INTO Enrolled (ID, subject_id, Semester, Year, Grade, status) VALUES ('S0017', 'CH101', '2023-1', 2023, 5.9, 'Passed');
INSERT INTO Enrolled (ID, subject_id, Semester, Year, Grade, status) VALUES ('S0017', 'MF101', '2023-1', 2023, NULL, 'Enrolled');
INSERT INTO Enrolled (ID, subject_id, Semester, Year, Grade, status) VALUES ('S0018', 'CA101', '2023-1', 2023, 7.7, 'Passed');
INSERT INTO Enrolled (ID, subject_id, Semester, Year, Grade, status) VALUES ('S0018', 'DB101', '2024-2', 2024, NULL, 'Enrolled');
INSERT INTO Enrolled (ID, subject_id, Semester, Year, Grade, status) VALUES ('S0018', 'P101', '2023-2', 2023, NULL, 'Enrolled');
INSERT INTO Enrolled (ID, subject_id, Semester, Year, Grade, status) VALUES ('S0019', 'PH101', '2024-1', 2024, 1.9, 'Failed');
INSERT INTO Enrolled (ID, subject_id, Semester, Year, Grade, status) VALUES ('S0019', 'LA101', '2024-1', 2024, NULL, 'Enrolled');
INSERT INTO Enrolled (ID, subject_id, Semester, Year, Grade, status) VALUES ('S0019', 'CH101', '2023-1', 2023, NULL, 'Enrolled');
INSERT INTO Enrolled (ID, subject_id, Semester, Year, Grade, status) VALUES ('S0020', 'PH101', '2024-2', 2024, 1.2, 'Failed');
INSERT INTO Enrolled (ID, subject_id, Semester, Year, Grade, status) VALUES ('S0020', 'LA101', '2024-2', 2024, 7.6, 'Passed');
INSERT INTO Enrolled (ID, subject_id, Semester, Year, Grade, status) VALUES ('S0020', 'CH101', '2024-1', 2024, NULL, 'Enrolled');
INSERT INTO Enrolled (ID, subject_id, Semester, Year, Grade, status) VALUES ('S0021', 'PH102', '2023-2', 2023, 3.3, 'Failed');
INSERT INTO Enrolled (ID, subject_id, Semester, Year, Grade, status) VALUES ('S0021', 'CH101', '2023-2', 2023, 0.3, 'Failed');
INSERT INTO Enrolled (ID, subject_id, Semester, Year, Grade, status) VALUES ('S0021', 'MF101', '2023-2', 2023, NULL, 'Enrolled');
INSERT INTO Enrolled (ID, subject_id, Semester, Year, Grade, status) VALUES ('S0023', 'PH101', '2023-2', 2023, NULL, 'Enrolled');
INSERT INTO Enrolled (ID, subject_id, Semester, Year, Grade, status) VALUES ('S0023', 'LA101', '2023-2', 2023, 1.4, 'Failed');
INSERT INTO Enrolled (ID, subject_id, Semester, Year, Grade, status) VALUES ('S0023', 'CH101', '2024-2', 2024, 8.6, 'Passed');
INSERT INTO Enrolled (ID, subject_id, Semester, Year, Grade, status) VALUES ('S0024', 'PH102', '2024-2', 2024, 4.1, 'Failed');
INSERT INTO Enrolled (ID, subject_id, Semester, Year, Grade, status) VALUES ('S0024', 'CH101', '2024-2', 2024, 6.8, 'Passed');
INSERT INTO Enrolled (ID, subject_id, Semester, Year, Grade, status) VALUES ('S0024', 'MF101', '2023-2', 2023, 8.2, 'Passed');
INSERT INTO Enrolled (ID, subject_id, Semester, Year, Grade, status) VALUES ('S0025', 'P102', '2024-1', 2024, 3.6, 'Failed');
INSERT INTO Enrolled (ID, subject_id, Semester, Year, Grade, status) VALUES ('S0025', 'CN101', '2023-2', 2023, NULL, 'Enrolled');
INSERT INTO Enrolled (ID, subject_id, Semester, Year, Grade, status) VALUES ('S0025', 'P101', '2023-2', 2023, NULL, 'Enrolled');
INSERT INTO Enrolled (ID, subject_id, Semester, Year, Grade, status) VALUES ('S0026', 'P102', '2024-1', 2024, 8.6, 'Passed');
INSERT INTO Enrolled (ID, subject_id, Semester, Year, Grade, status) VALUES ('S0026', 'CN101', '2024-2', 2024, NULL, 'Enrolled');
INSERT INTO Enrolled (ID, subject_id, Semester, Year, Grade, status) VALUES ('S0026', 'P101', '2024-1', 2024, NULL, 'Enrolled');
INSERT INTO Enrolled (ID, subject_id, Semester, Year, Grade, status) VALUES ('S0027', 'CH101', '2023-2', 2023, 9.2, 'Passed');
INSERT INTO Enrolled (ID, subject_id, Semester, Year, Grade, status) VALUES ('S0027', 'PH101', '2024-2', 2024, NULL, 'Enrolled');
INSERT INTO Enrolled (ID, subject_id, Semester, Year, Grade, status) VALUES ('S0027', 'CA101', '2024-1', 2024, NULL, 'Enrolled');
INSERT INTO Enrolled (ID, subject_id, Semester, Year, Grade, status) VALUES ('S0028', 'LO101', '2023-2', 2023, 1.7, 'Failed');
INSERT INTO Enrolled (ID, subject_id, Semester, Year, Grade, status) VALUES ('S0028', 'CA101', '2024-1', 2024, 3.4, 'Failed');
INSERT INTO Enrolled (ID, subject_id, Semester, Year, Grade, status) VALUES ('S0028', 'LA101', '2024-1', 2024, 3.8, 'Failed');
INSERT INTO Enrolled (ID, subject_id, Semester, Year, Grade, status) VALUES ('S0029', 'CH101', '2024-2', 2024, NULL, 'Enrolled');
INSERT INTO Enrolled (ID, subject_id, Semester, Year, Grade, status) VALUES ('S0029', 'CA102', '2023-1', 2023, 0.5, 'Failed');
INSERT INTO Enrolled (ID, subject_id, Semester, Year, Grade, status) VALUES ('S0029', 'PH102', '2024-1', 2024, NULL, 'Enrolled');
INSERT INTO Enrolled (ID, subject_id, Semester, Year, Grade, status) VALUES ('S0030', 'CH101', '2023-1', 2023, NULL, 'Enrolled');
INSERT INTO Enrolled (ID, subject_id, Semester, Year, Grade, status) VALUES ('S0030', 'CA102', '2023-1', 2023, 8.4, 'Passed');
INSERT INTO Enrolled (ID, subject_id, Semester, Year, Grade, status) VALUES ('S0030', 'PH102', '2024-2', 2024, NULL, 'Enrolled');
INSERT INTO Enrolled (ID, subject_id, Semester, Year, Grade, status) VALUES ('S0031', 'CH101', '2023-2', 2023, NULL, 'Enrolled');
INSERT INTO Enrolled (ID, subject_id, Semester, Year, Grade, status) VALUES ('S0031', 'PH101', '2024-1', 2024, 1.4, 'Failed');
INSERT INTO Enrolled (ID, subject_id, Semester, Year, Grade, status) VALUES ('S0031', 'CA101', '2023-1', 2023, NULL, 'Enrolled');
INSERT INTO Enrolled (ID, subject_id, Semester, Year, Grade, status) VALUES ('S0032', 'CH101', '2023-2', 2023, NULL, 'Enrolled');
INSERT INTO Enrolled (ID, subject_id, Semester, Year, Grade, status) VALUES ('S0032', 'PH101', '2023-1', 2023, 9.0, 'Passed');
INSERT INTO Enrolled (ID, subject_id, Semester, Year, Grade, status) VALUES ('S0032', 'CA101', '2023-2', 2023, 8.2, 'Passed');
INSERT INTO Enrolled (ID, subject_id, Semester, Year, Grade, status) VALUES ('S0034', 'P101', '2024-2', 2024, 5.3, 'Passed');
INSERT INTO Enrolled (ID, subject_id, Semester, Year, Grade, status) VALUES ('S0034', 'CN101', '2023-1', 2023, 6.8, 'Passed');
INSERT INTO Enrolled (ID, subject_id, Semester, Year, Grade, status) VALUES ('S0034', 'CA101', '2023-2', 2023, 0.7, 'Failed');
INSERT INTO Enrolled (ID, subject_id, Semester, Year, Grade, status) VALUES ('S0035', 'P101', '2023-1', 2023, NULL, 'Enrolled');
INSERT INTO Enrolled (ID, subject_id, Semester, Year, Grade, status) VALUES ('S0035', 'CN101', '2024-1', 2024, NULL, 'Enrolled');
INSERT INTO Enrolled (ID, subject_id, Semester, Year, Grade, status) VALUES ('S0035', 'CA101', '2023-1', 2023, 5.5, 'Passed');
INSERT INTO Enrolled (ID, subject_id, Semester, Year, Grade, status) VALUES ('S0036', 'CA101', '2024-1', 2024, NULL, 'Enrolled');
INSERT INTO Enrolled (ID, subject_id, Semester, Year, Grade, status) VALUES ('S0036', 'DB101', '2024-2', 2024, NULL, 'Enrolled');
INSERT INTO Enrolled (ID, subject_id, Semester, Year, Grade, status) VALUES ('S0036', 'P101', '2024-2', 2024, 9.7, 'Passed');
INSERT INTO Enrolled (ID, subject_id, Semester, Year, Grade, status) VALUES ('S0037', 'P102', '2023-2', 2023, NULL, 'Enrolled');
INSERT INTO Enrolled (ID, subject_id, Semester, Year, Grade, status) VALUES ('S0037', 'CN101', '2024-1', 2024, NULL, 'Enrolled');
INSERT INTO Enrolled (ID, subject_id, Semester, Year, Grade, status) VALUES ('S0037', 'P101', '2024-1', 2024, NULL, 'Enrolled');
INSERT INTO Enrolled (ID, subject_id, Semester, Year, Grade, status) VALUES ('S0038', 'P101', '2024-1', 2024, NULL, 'Enrolled');
INSERT INTO Enrolled (ID, subject_id, Semester, Year, Grade, status) VALUES ('S0038', 'CN101', '2023-2', 2023, NULL, 'Enrolled');
INSERT INTO Enrolled (ID, subject_id, Semester, Year, Grade, status) VALUES ('S0038', 'CA101', '2024-2', 2024, NULL, 'Enrolled');
INSERT INTO Enrolled (ID, subject_id, Semester, Year, Grade, status) VALUES ('S0039', 'P101', '2023-1', 2023, 4.2, 'Failed');
INSERT INTO Enrolled (ID, subject_id, Semester, Year, Grade, status) VALUES ('S0039', 'CN101', '2023-2', 2023, 8.0, 'Passed');
INSERT INTO Enrolled (ID, subject_id, Semester, Year, Grade, status) VALUES ('S0039', 'CA101', '2024-1', 2024, NULL, 'Enrolled');
INSERT INTO Enrolled (ID, subject_id, Semester, Year, Grade, status) VALUES ('S0040', 'MF101', '2024-2', 2024, 9.2, 'Passed');
INSERT INTO Enrolled (ID, subject_id, Semester, Year, Grade, status) VALUES ('S0040', 'PH101', '2024-1', 2024, 3.9, 'Failed');
INSERT INTO Enrolled (ID, subject_id, Semester, Year, Grade, status) VALUES ('S0040', 'PH102', '2024-1', 2024, NULL, 'Enrolled');
INSERT INTO Enrolled (ID, subject_id, Semester, Year, Grade, status) VALUES ('S0041', 'PH102', '2024-1', 2024, NULL, 'Enrolled');
INSERT INTO Enrolled (ID, subject_id, Semester, Year, Grade, status) VALUES ('S0041', 'CH101', '2024-1', 2024, NULL, 'Enrolled');
INSERT INTO Enrolled (ID, subject_id, Semester, Year, Grade, status) VALUES ('S0041', 'MF101', '2024-2', 2024, NULL, 'Enrolled');
INSERT INTO Enrolled (ID, subject_id, Semester, Year, Grade, status) VALUES ('S0042', 'CH101', '2023-1', 2023, 7.0, 'Passed');
INSERT INTO Enrolled (ID, subject_id, Semester, Year, Grade, status) VALUES ('S0042', 'PH101', '2024-1', 2024, NULL, 'Enrolled');
INSERT INTO Enrolled (ID, subject_id, Semester, Year, Grade, status) VALUES ('S0042', 'CA101', '2023-1', 2023, NULL, 'Enrolled');
INSERT INTO Enrolled (ID, subject_id, Semester, Year, Grade, status) VALUES ('S0043', 'PH101', '2024-1', 2024, NULL, 'Enrolled');
INSERT INTO Enrolled (ID, subject_id, Semester, Year, Grade, status) VALUES ('S0043', 'LA101', '2024-1', 2024, 7.8, 'Passed');
INSERT INTO Enrolled (ID, subject_id, Semester, Year, Grade, status) VALUES ('S0043', 'CH101', '2023-2', 2023, NULL, 'Enrolled');
INSERT INTO Enrolled (ID, subject_id, Semester, Year, Grade, status) VALUES ('S0044', 'PH101', '2024-2', 2024, 2.5, 'Failed');
INSERT INTO Enrolled (ID, subject_id, Semester, Year, Grade, status) VALUES ('S0044', 'LA101', '2023-2', 2023, NULL, 'Enrolled');
INSERT INTO Enrolled (ID, subject_id, Semester, Year, Grade, status) VALUES ('S0044', 'CH101', '2024-1', 2024, NULL, 'Enrolled');
INSERT INTO Enrolled (ID, subject_id, Semester, Year, Grade, status) VALUES ('S0045', 'P102', '2024-2', 2024, 3.0, 'Failed');
INSERT INTO Enrolled (ID, subject_id, Semester, Year, Grade, status) VALUES ('S0045', 'CN101', '2024-1', 2024, 6.5, 'Passed');
INSERT INTO Enrolled (ID, subject_id, Semester, Year, Grade, status) VALUES ('S0045', 'P101', '2023-2', 2023, 7.3, 'Passed');
INSERT INTO Enrolled (ID, subject_id, Semester, Year, Grade, status) VALUES ('S0046', 'P102', '2023-2', 2023, NULL, 'Enrolled');
INSERT INTO Enrolled (ID, subject_id, Semester, Year, Grade, status) VALUES ('S0046', 'CN101', '2024-2', 2024, 6.9, 'Passed');
INSERT INTO Enrolled (ID, subject_id, Semester, Year, Grade, status) VALUES ('S0046', 'P101', '2023-1', 2023, NULL, 'Enrolled');
INSERT INTO Enrolled (ID, subject_id, Semester, Year, Grade, status) VALUES ('S0047', 'PH101', '2023-1', 2023, NULL, 'Enrolled');
INSERT INTO Enrolled (ID, subject_id, Semester, Year, Grade, status) VALUES ('S0047', 'LA101', '2024-2', 2024, 3.5, 'Failed');
INSERT INTO Enrolled (ID, subject_id, Semester, Year, Grade, status) VALUES ('S0047', 'CH101', '2023-1', 2023, NULL, 'Enrolled');
INSERT INTO Enrolled (ID, subject_id, Semester, Year, Grade, status) VALUES ('S0048', 'LO101', '2023-1', 2023, 7.8, 'Passed');
INSERT INTO Enrolled (ID, subject_id, Semester, Year, Grade, status) VALUES ('S0048', 'CA101', '2024-1', 2024, NULL, 'Enrolled');
INSERT INTO Enrolled (ID, subject_id, Semester, Year, Grade, status) VALUES ('S0048', 'LA101', '2023-1', 2023, 0.4, 'Failed');
INSERT INTO Enrolled (ID, subject_id, Semester, Year, Grade, status) VALUES ('S0049', 'CA101', '2024-2', 2024, NULL, 'Enrolled');
INSERT INTO Enrolled (ID, subject_id, Semester, Year, Grade, status) VALUES ('S0049', 'DB101', '2023-2', 2023, 1.5, 'Failed');
INSERT INTO Enrolled (ID, subject_id, Semester, Year, Grade, status) VALUES ('S0049', 'P101', '2023-2', 2023, NULL, 'Enrolled');
INSERT INTO Enrolled (ID, subject_id, Semester, Year, Grade, status) VALUES ('S0050', 'PH102', '2024-1', 2024, NULL, 'Enrolled');
INSERT INTO Enrolled (ID, subject_id, Semester, Year, Grade, status) VALUES ('S0050', 'CH101', '2023-2', 2023, 0.7, 'Failed');
INSERT INTO Enrolled (ID, subject_id, Semester, Year, Grade, status) VALUES ('S0050', 'MF101', '2023-1', 2023, 5.2, 'Passed');
INSERT INTO Enrolled (ID, subject_id, Semester, Year, Grade, status) VALUES ('S0051', 'MF101', '2024-1', 2024, 4.4, 'Failed');
INSERT INTO Enrolled (ID, subject_id, Semester, Year, Grade, status) VALUES ('S0051', 'PH101', '2024-2', 2024, NULL, 'Enrolled');
INSERT INTO Enrolled (ID, subject_id, Semester, Year, Grade, status) VALUES ('S0051', 'PH102', '2023-1', 2023, 9.1, 'Passed');
INSERT INTO Enrolled (ID, subject_id, Semester, Year, Grade, status) VALUES ('S0052', 'MF101', '2024-1', 2024, 3.4, 'Failed');
INSERT INTO Enrolled (ID, subject_id, Semester, Year, Grade, status) VALUES ('S0052', 'PH101', '2023-2', 2023, 8.9, 'Passed');
INSERT INTO Enrolled (ID, subject_id, Semester, Year, Grade, status) VALUES ('S0052', 'PH102', '2023-2', 2023, NULL, 'Enrolled');
INSERT INTO Enrolled (ID, subject_id, Semester, Year, Grade, status) VALUES ('S0053', 'CH101', '2024-1', 2024, NULL, 'Enrolled');
INSERT INTO Enrolled (ID, subject_id, Semester, Year, Grade, status) VALUES ('S0053', 'PH101', '2023-1', 2023, NULL, 'Enrolled');
INSERT INTO Enrolled (ID, subject_id, Semester, Year, Grade, status) VALUES ('S0053', 'CA101', '2024-1', 2024, 0.3, 'Failed');
INSERT INTO Enrolled (ID, subject_id, Semester, Year, Grade, status) VALUES ('S0054', 'CH101', '2023-1', 2023, NULL, 'Enrolled');
INSERT INTO Enrolled (ID, subject_id, Semester, Year, Grade, status) VALUES ('S0054', 'PH101', '2023-2', 2023, NULL, 'Enrolled');
INSERT INTO Enrolled (ID, subject_id, Semester, Year, Grade, status) VALUES ('S0054', 'CA101', '2023-2', 2023, NULL, 'Enrolled');
INSERT INTO Enrolled (ID, subject_id, Semester, Year, Grade, status) VALUES ('S0055', 'CA101', '2024-1', 2024, 6.5, 'Passed');
INSERT INTO Enrolled (ID, subject_id, Semester, Year, Grade, status) VALUES ('S0055', 'DB101', '2023-2', 2023, NULL, 'Enrolled');
INSERT INTO Enrolled (ID, subject_id, Semester, Year, Grade, status) VALUES ('S0055', 'P101', '2023-1', 2023, NULL, 'Enrolled');
INSERT INTO Enrolled (ID, subject_id, Semester, Year, Grade, status) VALUES ('S0056', 'P102', '2024-1', 2024, 7.8, 'Passed');
INSERT INTO Enrolled (ID, subject_id, Semester, Year, Grade, status) VALUES ('S0056', 'CN101', '2023-2', 2023, NULL, 'Enrolled');
INSERT INTO Enrolled (ID, subject_id, Semester, Year, Grade, status) VALUES ('S0056', 'P101', '2023-1', 2023, 2.5, 'Failed');
INSERT INTO Enrolled (ID, subject_id, Semester, Year, Grade, status) VALUES ('S0057', 'CH101', '2023-1', 2023, 9.4, 'Passed');
INSERT INTO Enrolled (ID, subject_id, Semester, Year, Grade, status) VALUES ('S0057', 'PH101', '2024-2', 2024, 7.3, 'Passed');
INSERT INTO Enrolled (ID, subject_id, Semester, Year, Grade, status) VALUES ('S0057', 'CA101', '2023-2', 2023, 9.7, 'Passed');
INSERT INTO Enrolled (ID, subject_id, Semester, Year, Grade, status) VALUES ('S0058', 'PH101', '2024-1', 2024, 3.7, 'Failed');
INSERT INTO Enrolled (ID, subject_id, Semester, Year, Grade, status) VALUES ('S0058', 'LA101', '2023-1', 2023, NULL, 'Enrolled');
INSERT INTO Enrolled (ID, subject_id, Semester, Year, Grade, status) VALUES ('S0058', 'CH101', '2024-1', 2024, 4.9, 'Failed');
INSERT INTO Enrolled (ID, subject_id, Semester, Year, Grade, status) VALUES ('S0059', 'CH101', '2024-2', 2024, NULL, 'Enrolled');
INSERT INTO Enrolled (ID, subject_id, Semester, Year, Grade, status) VALUES ('S0059', 'PH101', '2023-1', 2023, 3.7, 'Failed');
INSERT INTO Enrolled (ID, subject_id, Semester, Year, Grade, status) VALUES ('S0059', 'CA101', '2023-2', 2023, NULL, 'Enrolled');
INSERT INTO Enrolled (ID, subject_id, Semester, Year, Grade, status) VALUES ('S0060', 'CA101', '2023-1', 2023, NULL, 'Enrolled');
INSERT INTO Enrolled (ID, subject_id, Semester, Year, Grade, status) VALUES ('S0060', 'DB101', '2024-2', 2024, 7.8, 'Passed');
INSERT INTO Enrolled (ID, subject_id, Semester, Year, Grade, status) VALUES ('S0060', 'P101', '2024-1', 2024, 2.6, 'Failed');
INSERT INTO Enrolled (ID, subject_id, Semester, Year, Grade, status) VALUES ('S0061', 'P101', '2024-2', 2024, NULL, 'Enrolled');
INSERT INTO Enrolled (ID, subject_id, Semester, Year, Grade, status) VALUES ('S0061', 'CN101', '2023-2', 2023, NULL, 'Enrolled');
INSERT INTO Enrolled (ID, subject_id, Semester, Year, Grade, status) VALUES ('S0061', 'CA101', '2024-1', 2024, NULL, 'Enrolled');
INSERT INTO Enrolled (ID, subject_id, Semester, Year, Grade, status) VALUES ('S0062', 'P102', '2024-1', 2024, NULL, 'Enrolled');
INSERT INTO Enrolled (ID, subject_id, Semester, Year, Grade, status) VALUES ('S0062', 'CN101', '2023-1', 2023, NULL, 'Enrolled');
INSERT INTO Enrolled (ID, subject_id, Semester, Year, Grade, status) VALUES ('S0062', 'P101', '2024-2', 2024, 5.4, 'Passed');
INSERT INTO Enrolled (ID, subject_id, Semester, Year, Grade, status) VALUES ('S0063', 'P102', '2024-2', 2024, 5.9, 'Passed');
INSERT INTO Enrolled (ID, subject_id, Semester, Year, Grade, status) VALUES ('S0063', 'CN101', '2023-1', 2023, NULL, 'Enrolled');
INSERT INTO Enrolled (ID, subject_id, Semester, Year, Grade, status) VALUES ('S0063', 'P101', '2023-2', 2023, 3.5, 'Failed');
INSERT INTO Enrolled (ID, subject_id, Semester, Year, Grade, status) VALUES ('S0064', 'LO101', '2024-2', 2024, 3.4, 'Failed');
INSERT INTO Enrolled (ID, subject_id, Semester, Year, Grade, status) VALUES ('S0064', 'CA101', '2024-2', 2024, NULL, 'Enrolled');
INSERT INTO Enrolled (ID, subject_id, Semester, Year, Grade, status) VALUES ('S0064', 'LA101', '2024-2', 2024, NULL, 'Enrolled');
INSERT INTO Enrolled (ID, subject_id, Semester, Year, Grade, status) VALUES ('S0065', 'CH101', '2024-1', 2024, 2.8, 'Failed');
INSERT INTO Enrolled (ID, subject_id, Semester, Year, Grade, status) VALUES ('S0065', 'CA102', '2024-1', 2024, 2.2, 'Failed');
INSERT INTO Enrolled (ID, subject_id, Semester, Year, Grade, status) VALUES ('S0065', 'PH102', '2023-2', 2023, NULL, 'Enrolled');
INSERT INTO Enrolled (ID, subject_id, Semester, Year, Grade, status) VALUES ('S0066', 'PH102', '2024-1', 2024, 4.9, 'Failed');
INSERT INTO Enrolled (ID, subject_id, Semester, Year, Grade, status) VALUES ('S0066', 'CH101', '2023-1', 2023, NULL, 'Enrolled');
INSERT INTO Enrolled (ID, subject_id, Semester, Year, Grade, status) VALUES ('S0066', 'MF101', '2024-1', 2024, NULL, 'Enrolled');
INSERT INTO Enrolled (ID, subject_id, Semester, Year, Grade, status) VALUES ('S0067', 'LO101', '2024-2', 2024, 4.8, 'Failed');
INSERT INTO Enrolled (ID, subject_id, Semester, Year, Grade, status) VALUES ('S0067', 'CA101', '2023-1', 2023, NULL, 'Enrolled');
INSERT INTO Enrolled (ID, subject_id, Semester, Year, Grade, status) VALUES ('S0067', 'LA101', '2023-1', 2023, 0.3, 'Failed');
INSERT INTO Enrolled (ID, subject_id, Semester, Year, Grade, status) VALUES ('S0068', 'PH102', '2023-2', 2023, 9.2, 'Passed');
INSERT INTO Enrolled (ID, subject_id, Semester, Year, Grade, status) VALUES ('S0068', 'CH101', '2023-2', 2023, 2.9, 'Failed');
INSERT INTO Enrolled (ID, subject_id, Semester, Year, Grade, status) VALUES ('S0068', 'MF101', '2023-1', 2023, 9.5, 'Passed');
INSERT INTO Enrolled (ID, subject_id, Semester, Year, Grade, status) VALUES ('S0069', 'LO101', '2024-1', 2024, NULL, 'Enrolled');
INSERT INTO Enrolled (ID, subject_id, Semester, Year, Grade, status) VALUES ('S0069', 'CA101', '2023-2', 2023, 7.5, 'Passed');
INSERT INTO Enrolled (ID, subject_id, Semester, Year, Grade, status) VALUES ('S0069', 'LA101', '2023-2', 2023, 1.5, 'Failed');
INSERT INTO Enrolled (ID, subject_id, Semester, Year, Grade, status) VALUES ('S0070', 'CH101', '2023-1', 2023, 7.5, 'Passed');
INSERT INTO Enrolled (ID, subject_id, Semester, Year, Grade, status) VALUES ('S0070', 'PH101', '2023-2', 2023, 3.3, 'Failed');
INSERT INTO Enrolled (ID, subject_id, Semester, Year, Grade, status) VALUES ('S0070', 'CA101', '2023-2', 2023, 7.3, 'Passed');
INSERT INTO Enrolled (ID, subject_id, Semester, Year, Grade, status) VALUES ('S0071', 'CH101', '2024-1', 2024, 5.9, 'Passed');
INSERT INTO Enrolled (ID, subject_id, Semester, Year, Grade, status) VALUES ('S0071', 'PH101', '2023-1', 2023, NULL, 'Enrolled');
INSERT INTO Enrolled (ID, subject_id, Semester, Year, Grade, status) VALUES ('S0071', 'CA101', '2024-2', 2024, NULL, 'Enrolled');
INSERT INTO Enrolled (ID, subject_id, Semester, Year, Grade, status) VALUES ('S0072', 'CH101', '2024-2', 2024, NULL, 'Enrolled');
INSERT INTO Enrolled (ID, subject_id, Semester, Year, Grade, status) VALUES ('S0072', 'CA102', '2024-1', 2024, NULL, 'Enrolled');
INSERT INTO Enrolled (ID, subject_id, Semester, Year, Grade, status) VALUES ('S0072', 'PH102', '2024-2', 2024, 4.3, 'Failed');
INSERT INTO Enrolled (ID, subject_id, Semester, Year, Grade, status) VALUES ('S0073', 'CH101', '2023-1', 2023, NULL, 'Enrolled');
INSERT INTO Enrolled (ID, subject_id, Semester, Year, Grade, status) VALUES ('S0073', 'CA102', '2023-1', 2023, NULL, 'Enrolled');
INSERT INTO Enrolled (ID, subject_id, Semester, Year, Grade, status) VALUES ('S0073', 'PH102', '2024-2', 2024, 5.7, 'Passed');
INSERT INTO Enrolled (ID, subject_id, Semester, Year, Grade, status) VALUES ('S0074', 'PH102', '2024-2', 2024, NULL, 'Enrolled');
INSERT INTO Enrolled (ID, subject_id, Semester, Year, Grade, status) VALUES ('S0074', 'CH101', '2024-1', 2024, NULL, 'Enrolled');
INSERT INTO Enrolled (ID, subject_id, Semester, Year, Grade, status) VALUES ('S0074', 'MF101', '2024-1', 2024, NULL, 'Enrolled');
INSERT INTO Enrolled (ID, subject_id, Semester, Year, Grade, status) VALUES ('S0075', 'P101', '2023-1', 2023, 7.5, 'Passed');
INSERT INTO Enrolled (ID, subject_id, Semester, Year, Grade, status) VALUES ('S0075', 'CN101', '2023-1', 2023, 7.1, 'Passed');
INSERT INTO Enrolled (ID, subject_id, Semester, Year, Grade, status) VALUES ('S0075', 'CA101', '2024-2', 2024, 0.4, 'Failed');
INSERT INTO Enrolled (ID, subject_id, Semester, Year, Grade, status) VALUES ('S0076', 'CA101', '2024-2', 2024, 3.7, 'Failed');
INSERT INTO Enrolled (ID, subject_id, Semester, Year, Grade, status) VALUES ('S0076', 'DB101', '2024-2', 2024, NULL, 'Enrolled');
INSERT INTO Enrolled (ID, subject_id, Semester, Year, Grade, status) VALUES ('S0076', 'P101', '2024-2', 2024, 8.5, 'Passed');
INSERT INTO Enrolled (ID, subject_id, Semester, Year, Grade, status) VALUES ('S0077', 'P101', '2024-2', 2024, 9.5, 'Passed');
INSERT INTO Enrolled (ID, subject_id, Semester, Year, Grade, status) VALUES ('S0077', 'CN101', '2023-2', 2023, 2.1, 'Failed');
INSERT INTO Enrolled (ID, subject_id, Semester, Year, Grade, status) VALUES ('S0077', 'CA101', '2023-2', 2023, 9.4, 'Passed');
INSERT INTO Enrolled (ID, subject_id, Semester, Year, Grade, status) VALUES ('S0078', 'P101', '2024-1', 2024, NULL, 'Enrolled');
INSERT INTO Enrolled (ID, subject_id, Semester, Year, Grade, status) VALUES ('S0078', 'CN101', '2024-2', 2024, NULL, 'Enrolled');
INSERT INTO Enrolled (ID, subject_id, Semester, Year, Grade, status) VALUES ('S0078', 'CA101', '2023-1', 2023, 1.2, 'Failed');
INSERT INTO Enrolled (ID, subject_id, Semester, Year, Grade, status) VALUES ('S0079', 'CH101', '2024-2', 2024, NULL, 'Enrolled');
INSERT INTO Enrolled (ID, subject_id, Semester, Year, Grade, status) VALUES ('S0079', 'CA102', '2023-1', 2023, NULL, 'Enrolled');
INSERT INTO Enrolled (ID, subject_id, Semester, Year, Grade, status) VALUES ('S0079', 'PH102', '2023-2', 2023, NULL, 'Enrolled');
INSERT INTO Enrolled (ID, subject_id, Semester, Year, Grade, status) VALUES ('S0080', 'CH101', '2024-2', 2024, 1.4, 'Failed');
INSERT INTO Enrolled (ID, subject_id, Semester, Year, Grade, status) VALUES ('S0080', 'PH101', '2023-2', 2023, 6.2, 'Passed');
INSERT INTO Enrolled (ID, subject_id, Semester, Year, Grade, status) VALUES ('S0080', 'CA101', '2023-1', 2023, NULL, 'Enrolled');
INSERT INTO Enrolled (ID, subject_id, Semester, Year, Grade, status) VALUES ('S0081', 'P102', '2024-1', 2024, NULL, 'Enrolled');
INSERT INTO Enrolled (ID, subject_id, Semester, Year, Grade, status) VALUES ('S0081', 'CN101', '2023-1', 2023, NULL, 'Enrolled');
INSERT INTO Enrolled (ID, subject_id, Semester, Year, Grade, status) VALUES ('S0081', 'P101', '2023-2', 2023, 0.9, 'Failed');
INSERT INTO Enrolled (ID, subject_id, Semester, Year, Grade, status) VALUES ('S0082', 'PH102', '2024-1', 2024, NULL, 'Enrolled');
INSERT INTO Enrolled (ID, subject_id, Semester, Year, Grade, status) VALUES ('S0082', 'CH101', '2024-2', 2024, 4.9, 'Failed');
INSERT INTO Enrolled (ID, subject_id, Semester, Year, Grade, status) VALUES ('S0082', 'MF101', '2024-1', 2024, NULL, 'Enrolled');
INSERT INTO Enrolled (ID, subject_id, Semester, Year, Grade, status) VALUES ('S0083', 'LO101', '2024-1', 2024, NULL, 'Enrolled');
INSERT INTO Enrolled (ID, subject_id, Semester, Year, Grade, status) VALUES ('S0083', 'CA101', '2023-2', 2023, NULL, 'Enrolled');
INSERT INTO Enrolled (ID, subject_id, Semester, Year, Grade, status) VALUES ('S0083', 'LA101', '2023-1', 2023, NULL, 'Enrolled');
INSERT INTO Enrolled (ID, subject_id, Semester, Year, Grade, status) VALUES ('S0084', 'CH101', '2023-1', 2023, NULL, 'Enrolled');
INSERT INTO Enrolled (ID, subject_id, Semester, Year, Grade, status) VALUES ('S0084', 'CA102', '2023-1', 2023, 6.2, 'Passed');
INSERT INTO Enrolled (ID, subject_id, Semester, Year, Grade, status) VALUES ('S0084', 'PH102', '2024-1', 2024, 2.7, 'Failed');
INSERT INTO Enrolled (ID, subject_id, Semester, Year, Grade, status) VALUES ('S0085', 'P101', '2023-1', 2023, NULL, 'Enrolled');
INSERT INTO Enrolled (ID, subject_id, Semester, Year, Grade, status) VALUES ('S0085', 'CN101', '2024-1', 2024, NULL, 'Enrolled');
INSERT INTO Enrolled (ID, subject_id, Semester, Year, Grade, status) VALUES ('S0085', 'CA101', '2024-1', 2024, 7.2, 'Passed');
INSERT INTO Enrolled (ID, subject_id, Semester, Year, Grade, status) VALUES ('S0086', 'P101', '2023-1', 2023, 7.6, 'Passed');
INSERT INTO Enrolled (ID, subject_id, Semester, Year, Grade, status) VALUES ('S0086', 'CN101', '2024-1', 2024, 3.0, 'Failed');
INSERT INTO Enrolled (ID, subject_id, Semester, Year, Grade, status) VALUES ('S0086', 'CA101', '2024-1', 2024, NULL, 'Enrolled');
INSERT INTO Enrolled (ID, subject_id, Semester, Year, Grade, status) VALUES ('S0088', 'LO101', '2024-2', 2024, NULL, 'Enrolled');
INSERT INTO Enrolled (ID, subject_id, Semester, Year, Grade, status) VALUES ('S0088', 'CA101', '2024-2', 2024, NULL, 'Enrolled');
INSERT INTO Enrolled (ID, subject_id, Semester, Year, Grade, status) VALUES ('S0088', 'LA101', '2023-2', 2023, 1.9, 'Failed');
INSERT INTO Enrolled (ID, subject_id, Semester, Year, Grade, status) VALUES ('S0089', 'CA101', '2024-1', 2024, 0.0, 'Failed');
INSERT INTO Enrolled (ID, subject_id, Semester, Year, Grade, status) VALUES ('S0089', 'DB101', '2024-2', 2024, 3.0, 'Failed');
INSERT INTO Enrolled (ID, subject_id, Semester, Year, Grade, status) VALUES ('S0089', 'P101', '2023-2', 2023, NULL, 'Enrolled');
INSERT INTO Enrolled (ID, subject_id, Semester, Year, Grade, status) VALUES ('S0090', 'PH102', '2023-2', 2023, NULL, 'Enrolled');
INSERT INTO Enrolled (ID, subject_id, Semester, Year, Grade, status) VALUES ('S0090', 'CH101', '2023-2', 2023, 9.3, 'Passed');
INSERT INTO Enrolled (ID, subject_id, Semester, Year, Grade, status) VALUES ('S0090', 'MF101', '2023-2', 2023, NULL, 'Enrolled');
INSERT INTO Enrolled (ID, subject_id, Semester, Year, Grade, status) VALUES ('S0091', 'PH101', '2023-2', 2023, 5.7, 'Passed');
INSERT INTO Enrolled (ID, subject_id, Semester, Year, Grade, status) VALUES ('S0091', 'LA101', '2023-2', 2023, NULL, 'Enrolled');
INSERT INTO Enrolled (ID, subject_id, Semester, Year, Grade, status) VALUES ('S0091', 'CH101', '2023-1', 2023, NULL, 'Enrolled');
INSERT INTO Enrolled (ID, subject_id, Semester, Year, Grade, status) VALUES ('S0092', 'PH101', '2024-2', 2024, NULL, 'Enrolled');
INSERT INTO Enrolled (ID, subject_id, Semester, Year, Grade, status) VALUES ('S0092', 'LA101', '2024-1', 2024, NULL, 'Enrolled');
INSERT INTO Enrolled (ID, subject_id, Semester, Year, Grade, status) VALUES ('S0092', 'CH101', '2023-1', 2023, NULL, 'Enrolled');
INSERT INTO Enrolled (ID, subject_id, Semester, Year, Grade, status) VALUES ('S0093', 'LO101', '2023-1', 2023, 8.9, 'Passed');
INSERT INTO Enrolled (ID, subject_id, Semester, Year, Grade, status) VALUES ('S0093', 'CA101', '2023-2', 2023, NULL, 'Enrolled');
INSERT INTO Enrolled (ID, subject_id, Semester, Year, Grade, status) VALUES ('S0093', 'LA101', '2024-1', 2024, NULL, 'Enrolled');
INSERT INTO Enrolled (ID, subject_id, Semester, Year, Grade, status) VALUES ('S0094', 'PH101', '2023-1', 2023, 0.5, 'Failed');
INSERT INTO Enrolled (ID, subject_id, Semester, Year, Grade, status) VALUES ('S0094', 'LA101', '2024-2', 2024, NULL, 'Enrolled');
INSERT INTO Enrolled (ID, subject_id, Semester, Year, Grade, status) VALUES ('S0094', 'CH101', '2023-2', 2023, NULL, 'Enrolled');
INSERT INTO Enrolled (ID, subject_id, Semester, Year, Grade, status) VALUES ('S0095', 'CH101', '2023-1', 2023, 5.8, 'Passed');
INSERT INTO Enrolled (ID, subject_id, Semester, Year, Grade, status) VALUES ('S0095', 'PH101', '2024-1', 2024, 3.2, 'Failed');
INSERT INTO Enrolled (ID, subject_id, Semester, Year, Grade, status) VALUES ('S0095', 'CA101', '2023-1', 2023, NULL, 'Enrolled');
INSERT INTO Enrolled (ID, subject_id, Semester, Year, Grade, status) VALUES ('S0096', 'CH101', '2023-1', 2023, NULL, 'Enrolled');
INSERT INTO Enrolled (ID, subject_id, Semester, Year, Grade, status) VALUES ('S0096', 'PH101', '2024-1', 2024, 6.0, 'Passed');
INSERT INTO Enrolled (ID, subject_id, Semester, Year, Grade, status) VALUES ('S0096', 'CA101', '2024-2', 2024, NULL, 'Enrolled');
INSERT INTO Enrolled (ID, subject_id, Semester, Year, Grade, status) VALUES ('S0097', 'CA101', '2023-2', 2023, 8.2, 'Passed');
INSERT INTO Enrolled (ID, subject_id, Semester, Year, Grade, status) VALUES ('S0097', 'DB101', '2024-1', 2024, NULL, 'Enrolled');
INSERT INTO Enrolled (ID, subject_id, Semester, Year, Grade, status) VALUES ('S0097', 'P101', '2023-2', 2023, NULL, 'Enrolled');
INSERT INTO Enrolled (ID, subject_id, Semester, Year, Grade, status) VALUES ('S0098', 'CH101', '2024-1', 2024, 1.7, 'Failed');
INSERT INTO Enrolled (ID, subject_id, Semester, Year, Grade, status) VALUES ('S0098', 'CA102', '2024-1', 2024, 3.5, 'Failed');
INSERT INTO Enrolled (ID, subject_id, Semester, Year, Grade, status) VALUES ('S0098', 'PH102', '2023-2', 2023, 1.3, 'Failed');
INSERT INTO Enrolled (ID, subject_id, Semester, Year, Grade, status) VALUES ('S0099', 'MF101', '2023-2', 2023, 5.1, 'Passed');
INSERT INTO Enrolled (ID, subject_id, Semester, Year, Grade, status) VALUES ('S0099', 'PH101', '2024-2', 2024, 2.3, 'Failed');
INSERT INTO Enrolled (ID, subject_id, Semester, Year, Grade, status) VALUES ('S0099', 'PH102', '2024-1', 2024, NULL, 'Enrolled');
-- Teaches
INSERT INTO Teaches (ID_Prof, subject_id, Semester, Year, status) VALUES ('P001', 'DB101', '2024-1', 2024, 'Active');
INSERT INTO Teaches (ID_Prof, subject_id, Semester, Year, status) VALUES ('P013', 'CA101', '2024-1', 2024, 'Active');
INSERT INTO Teaches (ID_Prof, subject_id, Semester, Year, status) VALUES ('P024', 'CA101', '2024-1', 2024, 'Active');
INSERT INTO Teaches (ID_Prof, subject_id, Semester, Year, status) VALUES ('P025', 'SE101', '2024-1', 2024, 'Active');
INSERT INTO Teaches (ID_Prof, subject_id, Semester, Year, status) VALUES ('P009', 'SE101', '2024-1', 2024, 'Active');
INSERT INTO Teaches (ID_Prof, subject_id, Semester, Year, status) VALUES ('P018', 'LA101', '2024-1', 2024, 'Active');
INSERT INTO Teaches (ID_Prof, subject_id, Semester, Year, status) VALUES ('P016', 'LO101', '2024-1', 2024, 'Active');
INSERT INTO Teaches (ID_Prof, subject_id, Semester, Year, status) VALUES ('P003', 'CA102', '2024-1', 2024, 'Active');
INSERT INTO Teaches (ID_Prof, subject_id, Semester, Year, status) VALUES ('P001', 'P101', '2024-1', 2024, 'Active');
INSERT INTO Teaches (ID_Prof, subject_id, Semester, Year, status) VALUES ('P024', 'P101', '2024-1', 2024, 'Active');
INSERT INTO Teaches (ID_Prof, subject_id, Semester, Year, status) VALUES ('P019', 'P102', '2024-1', 2024, 'Active');
INSERT INTO Teaches (ID_Prof, subject_id, Semester, Year, status) VALUES ('P012', 'PH101', '2024-1', 2024, 'Active');
INSERT INTO Teaches (ID_Prof, subject_id, Semester, Year, status) VALUES ('P022', 'PH102', '2024-1', 2024, 'Active');
INSERT INTO Teaches (ID_Prof, subject_id, Semester, Year, status) VALUES ('P007', 'PH102', '2024-1', 2024, 'Active');
INSERT INTO Teaches (ID_Prof, subject_id, Semester, Year, status) VALUES ('P002', 'CH101', '2024-1', 2024, 'Active');
INSERT INTO Teaches (ID_Prof, subject_id, Semester, Year, status) VALUES ('P010', 'TH101', '2024-1', 2024, 'Active');
INSERT INTO Teaches (ID_Prof, subject_id, Semester, Year, status) VALUES ('P019', 'MS101', '2024-1', 2024, 'Active');
INSERT INTO Teaches (ID_Prof, subject_id, Semester, Year, status) VALUES ('P023', 'MF101', '2024-1', 2024, 'Active');
INSERT INTO Teaches (ID_Prof, subject_id, Semester, Year, status) VALUES ('P024', 'CN101', '2024-1', 2024, 'Active');
INSERT INTO Teaches (ID_Prof, subject_id, Semester, Year, status) VALUES ('P022', 'SE101', '2023-1', 2023, 'Inactive');
INSERT INTO Teaches (ID_Prof, subject_id, Semester, Year, status) VALUES ('P017', 'CN101', '2023-1', 2023, 'Inactive');
INSERT INTO Teaches (ID_Prof, subject_id, Semester, Year, status) VALUES ('P003', 'LA101', '2023-2', 2023, 'Inactive');
INSERT INTO Teaches (ID_Prof, subject_id, Semester, Year, status) VALUES ('P001', 'MS101', '2023-2', 2023, 'Inactive');
INSERT INTO Teaches (ID_Prof, subject_id, Semester, Year, status) VALUES ('P002', 'PH101', '2023-2', 2023, 'Inactive');
INSERT INTO Teaches (ID_Prof, subject_id, Semester, Year, status) VALUES ('P023', 'MF101', '2023-2', 2023, 'Inactive');
INSERT INTO Teaches (ID_Prof, subject_id, Semester, Year, status) VALUES ('P003', 'P102', '2023-2', 2023, 'Inactive');
INSERT INTO Teaches (ID_Prof, subject_id, Semester, Year, status) VALUES ('P005', 'TH101', '2023-2', 2023, 'Inactive');
INSERT INTO Teaches (ID_Prof, subject_id, Semester, Year, status) VALUES ('P019', 'TH101', '2023-2', 2023, 'Inactive');
INSERT INTO Teaches (ID_Prof, subject_id, Semester, Year, status) VALUES ('P014', 'TH101', '2023-2', 2023, 'Inactive');
INSERT INTO Teaches (ID_Prof, subject_id, Semester, Year, status) VALUES ('P009', 'PH101', '2023-1', 2023, 'Inactive');
INSERT INTO Teaches (ID_Prof, subject_id, Semester, Year, status) VALUES ('P007', 'MF101', '2023-2', 2023, 'Inactive');
INSERT INTO Teaches (ID_Prof, subject_id, Semester, Year, status) VALUES ('P002', 'CH101', '2023-2', 2023, 'Inactive');
INSERT INTO Teaches (ID_Prof, subject_id, Semester, Year, status) VALUES ('P011', 'DB101', '2023-1', 2023, 'Inactive');
INSERT INTO Teaches (ID_Prof, subject_id, Semester, Year, status) VALUES ('P009', 'MF101', '2023-2', 2023, 'Inactive');
INSERT INTO Teaches (ID_Prof, subject_id, Semester, Year, status) VALUES ('P014', 'PH101', '2023-2', 2023, 'Inactive');
INSERT INTO Teaches (ID_Prof, subject_id, Semester, Year, status) VALUES ('P010', 'PH101', '2023-1', 2023, 'Inactive');
INSERT INTO Teaches (ID_Prof, subject_id, Semester, Year, status) VALUES ('P012', 'MF101', '2023-2', 2023, 'Inactive');
INSERT INTO Teaches (ID_Prof, subject_id, Semester, Year, status) VALUES ('P020', 'TH101', '2023-1', 2023, 'Inactive');
INSERT INTO Teaches (ID_Prof, subject_id, Semester, Year, status) VALUES ('P013', 'P102', '2023-2', 2023, 'Inactive');
INSERT INTO Teaches (ID_Prof, subject_id, Semester, Year, status) VALUES ('P017', 'CA102', '2023-2', 2023, 'Inactive');
INSERT INTO Teaches (ID_Prof, subject_id, Semester, Year, status) VALUES ('P015', 'P101', '2023-1', 2023, 'Inactive');
INSERT INTO Teaches (ID_Prof, subject_id, Semester, Year, status) VALUES ('P003', 'PH102', '2023-2', 2023, 'Inactive');
INSERT INTO Teaches (ID_Prof, subject_id, Semester, Year, status) VALUES ('P018', 'LO101', '2023-1', 2023, 'Inactive');
INSERT INTO Teaches (ID_Prof, subject_id, Semester, Year, status) VALUES ('P020', 'CA102', '2023-1', 2023, 'Inactive');
INSERT INTO Teaches (ID_Prof, subject_id, Semester, Year, status) VALUES ('P006', 'CA102', '2023-2', 2023, 'Inactive');
INSERT INTO Teaches (ID_Prof, subject_id, Semester, Year, status) VALUES ('P024', 'P102', '2023-1', 2023, 'Inactive');
INSERT INTO Teaches (ID_Prof, subject_id, Semester, Year, status) VALUES ('P015', 'MF101', '2023-1', 2023, 'Inactive');
INSERT INTO Teaches (ID_Prof, subject_id, Semester, Year, status) VALUES ('P021', 'PH101', '2023-2', 2023, 'Inactive');
INSERT INTO Teaches (ID_Prof, subject_id, Semester, Year, status) VALUES ('P025', 'TH101', '2023-2', 2023, 'Inactive');
-- Advisor
INSERT INTO Advisor (student_id, prof_id, group_id) VALUES ('S0091', 'P003', 'G001');
INSERT INTO Advisor (student_id, prof_id, group_id) VALUES ('S0099', 'P003', 'G001');
INSERT INTO Advisor (student_id, prof_id, group_id) VALUES ('S0094', 'P019', 'G002');
INSERT INTO Advisor (student_id, prof_id, group_id) VALUES ('S0013', 'P019', 'G002');
INSERT INTO Advisor (student_id, prof_id, group_id) VALUES ('S0084', 'P021', 'G003');
INSERT INTO Advisor (student_id, prof_id, group_id) VALUES ('S0036', 'P006', 'G004');
INSERT INTO Advisor (student_id, prof_id, group_id) VALUES ('S0018', 'P006', 'G004');
INSERT INTO Advisor (student_id, prof_id, group_id) VALUES ('S0024', 'P009', 'G005');
INSERT INTO Advisor (student_id, prof_id, group_id) VALUES ('S0081', 'P009', 'G005');
INSERT INTO Advisor (student_id, prof_id, group_id) VALUES ('S0044', 'P013', 'G006');
INSERT INTO Advisor (student_id, prof_id, group_id) VALUES ('S0060', 'P013', 'G006');
INSERT INTO Advisor (student_id, prof_id, group_id) VALUES ('S0059', 'P010', 'G007');
INSERT INTO Advisor (student_id, prof_id, group_id) VALUES ('S0014', 'P010', 'G007');
INSERT INTO Advisor (student_id, prof_id, group_id) VALUES ('S0012', 'P010', 'G007');
INSERT INTO Advisor (student_id, prof_id, group_id) VALUES ('S0026', 'P007', 'G008');
INSERT INTO Advisor (student_id, prof_id, group_id) VALUES ('S0082', 'P007', 'G008');
INSERT INTO Advisor (student_id, prof_id, group_id) VALUES ('S0050', 'P007', 'G008');
INSERT INTO Advisor (student_id, prof_id, group_id) VALUES ('S0007', 'P007', 'G008');
INSERT INTO Advisor (student_id, prof_id, group_id) VALUES ('S0045', 'P009', 'G009');
INSERT INTO Advisor (student_id, prof_id, group_id) VALUES ('S0053', 'P009', 'G009');
INSERT INTO Advisor (student_id, prof_id, group_id) VALUES ('S0070', 'P008', 'G010');
INSERT INTO Advisor (student_id, prof_id, group_id) VALUES ('S0078', 'P008', 'G010');
INSERT INTO Advisor (student_id, prof_id, group_id) VALUES ('S0071', 'P004', 'G011');
INSERT INTO Advisor (student_id, prof_id, group_id) VALUES ('S0033', 'P004', 'G011');
INSERT INTO Advisor (student_id, prof_id, group_id) VALUES ('S0062', 'P001', 'G012');
INSERT INTO Advisor (student_id, prof_id, group_id) VALUES ('S0023', 'P001', 'G012');
INSERT INTO Advisor (student_id, prof_id, group_id) VALUES ('S0022', 'P001', 'G012');
INSERT INTO Advisor (student_id, prof_id, group_id) VALUES ('S0098', 'P001', 'G012');
INSERT INTO Advisor (student_id, prof_id, group_id) VALUES ('S0088', 'P024', 'G013');
INSERT INTO Advisor (student_id, prof_id, group_id) VALUES ('S0069', 'P011', 'G014');
INSERT INTO Advisor (student_id, prof_id, group_id) VALUES ('S0068', 'P011', 'G014');
INSERT INTO Advisor (student_id, prof_id, group_id) VALUES ('S0020', 'P011', 'G014');
INSERT INTO Advisor (student_id, prof_id, group_id) VALUES ('S0041', 'P011', 'G014');
INSERT INTO Advisor (student_id, prof_id, group_id) VALUES ('S0038', 'P015', 'G015');
INSERT INTO Advisor (student_id, prof_id, group_id) VALUES ('S0074', 'P015', 'G015');
INSERT INTO Advisor (student_id, prof_id, group_id) VALUES ('S0009', 'P015', 'G015');
INSERT INTO Advisor (student_id, prof_id, group_id) VALUES ('S0030', 'P015', 'G015');
INSERT INTO Advisor (student_id, prof_id, group_id) VALUES ('S0011', 'P004', 'G016');
INSERT INTO Advisor (student_id, prof_id, group_id) VALUES ('S0052', 'P009', 'G017');
INSERT INTO Advisor (student_id, prof_id, group_id) VALUES ('S0090', 'P009', 'G017');
INSERT INTO Advisor (student_id, prof_id, group_id) VALUES ('S0035', 'P009', 'G017');
INSERT INTO Advisor (student_id, prof_id, group_id) VALUES ('S0016', 'P009', 'G017');
INSERT INTO Advisor (student_id, prof_id, group_id) VALUES ('S0055', 'P017', 'G018');
INSERT INTO Advisor (student_id, prof_id, group_id) VALUES ('S0067', 'P017', 'G018');
INSERT INTO Advisor (student_id, prof_id, group_id) VALUES ('S0080', 'P017', 'G018');
INSERT INTO Advisor (student_id, prof_id, group_id) VALUES ('S0072', 'P021', 'G019');
INSERT INTO Advisor (student_id, prof_id, group_id) VALUES ('S0037', 'P014', 'G020');
INSERT INTO Advisor (student_id, prof_id, group_id) VALUES ('S0034', 'P014', 'G020');
INSERT INTO Advisor (student_id, prof_id, group_id) VALUES ('S0021', 'P014', 'G020');
INSERT INTO Advisor (student_id, prof_id, group_id) VALUES ('S0049', 'P019', 'G021');
INSERT INTO Advisor (student_id, prof_id, group_id) VALUES ('S0077', 'P019', 'G021');
INSERT INTO Advisor (student_id, prof_id, group_id) VALUES ('S0054', 'P011', 'G022');
INSERT INTO Advisor (student_id, prof_id, group_id) VALUES ('S0066', 'P011', 'G022');
INSERT INTO Advisor (student_id, prof_id, group_id) VALUES ('S0058', 'P008', 'G023');
INSERT INTO Advisor (student_id, prof_id, group_id) VALUES ('S0086', 'P008', 'G023');
INSERT INTO Advisor (student_id, prof_id, group_id) VALUES ('S0076', 'P008', 'G023');
INSERT INTO Advisor (student_id, prof_id, group_id) VALUES ('S0047', 'P008', 'G023');
INSERT INTO Advisor (student_id, prof_id, group_id) VALUES ('S0079', 'P021', 'G024');
INSERT INTO Advisor (student_id, prof_id, group_id) VALUES ('S0087', 'P021', 'G024');
INSERT INTO Advisor (student_id, prof_id, group_id) VALUES ('S0042', 'P002', 'G025');
INSERT INTO Advisor (student_id, prof_id, group_id) VALUES ('S0032', 'P002', 'G025');
INSERT INTO Advisor (student_id, prof_id, group_id) VALUES ('S0085', 'P002', 'G025');
INSERT INTO Advisor (student_id, prof_id, group_id) VALUES ('S0051', 'P002', 'G025');
