-- Department
INSERT INTO Department (department_name, Budget, Building, head_id) VALUES ('Computer Science', 100000, 'Building A', NULL);
INSERT INTO Department (department_name, Budget, Building, head_id) VALUES ('Engineering', 100000, 'Building B', NULL);
INSERT INTO Department (department_name, Budget, Building, head_id) VALUES ('Mathematics', 100000, 'Building C', NULL);
INSERT INTO Department (department_name, Budget, Building, head_id) VALUES ('Business Administration', 100000, 'Building D', NULL);
-- Professor
INSERT INTO Professor (ID, SSN, Name, Email, Salary, department_name) VALUES ('P001', '296-22-4211', 'Christopher Garner', 'cgarner@example.edu', 4026, 'Engineering');
INSERT INTO Professor (ID, SSN, Name, Email, Salary, department_name) VALUES ('P002', '450-24-5309', 'James Stein', 'jstein@example.edu', 6383, 'Engineering');
INSERT INTO Professor (ID, SSN, Name, Email, Salary, department_name) VALUES ('P003', '416-36-5358', 'Bryan Walsh', 'bwalsh@example.edu', 4203, 'Mathematics');
INSERT INTO Professor (ID, SSN, Name, Email, Salary, department_name) VALUES ('P004', '395-70-8448', 'Sherry Gonzalez', 'sgonzalez@example.edu', 12436, 'Engineering');
INSERT INTO Professor (ID, SSN, Name, Email, Salary, department_name) VALUES ('P005', '455-44-8703', 'Maria Wright', 'mwright@example.edu', 11930, 'Engineering');
INSERT INTO Professor (ID, SSN, Name, Email, Salary, department_name) VALUES ('P006', '345-57-1281', 'Gail Miller', 'gmiller@example.edu', 14867, 'Computer Science');
INSERT INTO Professor (ID, SSN, Name, Email, Salary, department_name) VALUES ('P007', '882-70-4942', 'Elizabeth Mercer', 'emercer@example.edu', 4452, 'Business Administration');
INSERT INTO Professor (ID, SSN, Name, Email, Salary, department_name) VALUES ('P008', '524-33-9500', 'Jessica Smith', 'jsmith@example.edu', 8086, 'Engineering');
INSERT INTO Professor (ID, SSN, Name, Email, Salary, department_name) VALUES ('P009', '473-55-4465', 'Clinton Cortez', 'ccortez@example.edu', 13265, 'Computer Science');
INSERT INTO Professor (ID, SSN, Name, Email, Salary, department_name) VALUES ('P010', '382-75-2639', 'Carrie Anderson', 'canderson@example.edu', 13956, 'Business Administration');
INSERT INTO Professor (ID, SSN, Name, Email, Salary, department_name) VALUES ('P011', '346-24-6134', 'Daniel Dixon', 'ddixon@example.edu', 7103, 'Business Administration');
INSERT INTO Professor (ID, SSN, Name, Email, Salary, department_name) VALUES ('P012', '841-59-3673', 'Cynthia Walker', 'cwalker@example.edu', 13506, 'Engineering');
INSERT INTO Professor (ID, SSN, Name, Email, Salary, department_name) VALUES ('P013', '782-07-8400', 'Wendy Morris', 'wmorris@example.edu', 9303, 'Business Administration');
INSERT INTO Professor (ID, SSN, Name, Email, Salary, department_name) VALUES ('P014', '758-79-8378', 'Joy Ortega', 'jortega@example.edu', 12688, 'Mathematics');
INSERT INTO Professor (ID, SSN, Name, Email, Salary, department_name) VALUES ('P015', '412-70-6524', 'Tina Tucker', 'ttucker@example.edu', 12806, 'Engineering');
INSERT INTO Professor (ID, SSN, Name, Email, Salary, department_name) VALUES ('P016', '086-65-9057', 'Hannah Oconnor', 'hoconnor@example.edu', 6117, 'Mathematics');
INSERT INTO Professor (ID, SSN, Name, Email, Salary, department_name) VALUES ('P017', '146-04-3667', 'Shane James', 'sjames@example.edu', 7460, 'Engineering');
INSERT INTO Professor (ID, SSN, Name, Email, Salary, department_name) VALUES ('P018', '075-01-0518', 'Rachel Delgado', 'rdelgado@example.edu', 4770, 'Mathematics');
-- Update Department Heads
UPDATE Department SET head_id = 'P009' WHERE department_name = 'Computer Science';
UPDATE Department SET head_id = 'P001' WHERE department_name = 'Engineering';
UPDATE Department SET head_id = 'P014' WHERE department_name = 'Mathematics';
UPDATE Department SET head_id = 'P007' WHERE department_name = 'Business Administration';
-- Course
INSERT INTO Course (course_id, course_name, department_name) VALUES ('CS101', 'Computer Science', 'Computer Science');
INSERT INTO Course (course_id, course_name, department_name) VALUES ('ME101', 'Mechanical Engineering', 'Engineering');
INSERT INTO Course (course_id, course_name, department_name) VALUES ('IE101', 'Industrial Engineering', 'Engineering');
INSERT INTO Course (course_id, course_name, department_name) VALUES ('BA101', 'Business Administration', 'Business Administration');
INSERT INTO Course (course_id, course_name, department_name) VALUES ('MA101', 'Mathematics', 'Mathematics');
INSERT INTO Course (course_id, course_name, department_name) VALUES ('EE101', 'Electrical Engineering', 'Engineering');
INSERT INTO Course (course_id, course_name, department_name) VALUES ('CE101', 'Civil Engineering', 'Engineering');
INSERT INTO Course (course_id, course_name, department_name) VALUES ('ChE101', 'Chemical Engineering', 'Engineering');
INSERT INTO Course (course_id, course_name, department_name) VALUES ('CAE101', 'Control and Automation Engineering', 'Engineering');
INSERT INTO Course (course_id, course_name, department_name) VALUES ('CSE101', 'Computer Science Engineering', 'Computer Science');
-- Student
INSERT INTO Student (ID, SSN, Name, Email, course_id) VALUES ('S0001', '833-14-6126', 'Thomas Vincent', 'tvincent@example.edu', 'EE101');
INSERT INTO Student (ID, SSN, Name, Email, course_id) VALUES ('S0002', '791-99-2601', 'Connie Wright', 'cwright@example.edu', 'CSE101');
INSERT INTO Student (ID, SSN, Name, Email, course_id) VALUES ('S0003', '574-32-2904', 'Autumn Little', 'alittle@example.edu', 'CSE101');
INSERT INTO Student (ID, SSN, Name, Email, course_id) VALUES ('S0004', '625-40-9519', 'Mark Maldonado', 'mmaldonado@example.edu', 'IE101');
INSERT INTO Student (ID, SSN, Name, Email, course_id) VALUES ('S0005', '793-17-9886', 'Dwayne Porter', 'dporter@example.edu', 'MA101');
INSERT INTO Student (ID, SSN, Name, Email, course_id) VALUES ('S0006', '735-80-7224', 'Jessica White', 'jwhite@example.edu', 'CS101');
INSERT INTO Student (ID, SSN, Name, Email, course_id) VALUES ('S0007', '718-39-8631', 'Amanda Bowen', 'abowen@example.edu', 'ChE101');
INSERT INTO Student (ID, SSN, Name, Email, course_id) VALUES ('S0008', '058-24-7807', 'Shannon Adams', 'sadams@example.edu', 'IE101');
INSERT INTO Student (ID, SSN, Name, Email, course_id) VALUES ('S0009', '628-82-3855', 'Sharon Jones', 'sjones@example.edu', 'EE101');
INSERT INTO Student (ID, SSN, Name, Email, course_id) VALUES ('S0010', '746-67-9026', 'Shelby Strong', 'sstrong@example.edu', 'IE101');
INSERT INTO Student (ID, SSN, Name, Email, course_id) VALUES ('S0011', '029-16-8164', 'Michael Nguyen', 'mnguyen@example.edu', 'ChE101');
INSERT INTO Student (ID, SSN, Name, Email, course_id) VALUES ('S0012', '153-86-1287', 'Jennifer Wells', 'jwells@example.edu', 'CSE101');
INSERT INTO Student (ID, SSN, Name, Email, course_id) VALUES ('S0013', '337-72-2682', 'Daniel Henry', 'dhenry@example.edu', 'IE101');
INSERT INTO Student (ID, SSN, Name, Email, course_id) VALUES ('S0014', '430-58-4527', 'Sarah Scott', 'sscott@example.edu', 'CE101');
INSERT INTO Student (ID, SSN, Name, Email, course_id) VALUES ('S0015', '170-56-8110', 'Daniel Smith', 'dsmith@example.edu', 'BA101');
INSERT INTO Student (ID, SSN, Name, Email, course_id) VALUES ('S0016', '717-34-8458', 'Alexis Rodriguez', 'arodriguez@example.edu', 'CE101');
INSERT INTO Student (ID, SSN, Name, Email, course_id) VALUES ('S0017', '797-36-6032', 'Rebecca Harrell', 'rharrell@example.edu', 'BA101');
INSERT INTO Student (ID, SSN, Name, Email, course_id) VALUES ('S0018', '492-28-5543', 'Kristen Wilson', 'kwilson@example.edu', 'ME101');
INSERT INTO Student (ID, SSN, Name, Email, course_id) VALUES ('S0019', '266-24-5062', 'Sarah Fleming', 'sfleming@example.edu', 'BA101');
INSERT INTO Student (ID, SSN, Name, Email, course_id) VALUES ('S0020', '544-37-4322', 'Tara Brown', 'tbrown@example.edu', 'BA101');
INSERT INTO Student (ID, SSN, Name, Email, course_id) VALUES ('S0021', '321-24-0589', 'Vanessa Woodard', 'vwoodard@example.edu', 'CSE101');
INSERT INTO Student (ID, SSN, Name, Email, course_id) VALUES ('S0022', '259-28-8609', 'Melissa Briggs', 'mbriggs@example.edu', 'BA101');
INSERT INTO Student (ID, SSN, Name, Email, course_id) VALUES ('S0023', '302-73-7524', 'Zachary Day', 'zday@example.edu', 'CE101');
INSERT INTO Student (ID, SSN, Name, Email, course_id) VALUES ('S0024', '544-51-0130', 'Daniel Owen', 'dowen@example.edu', 'BA101');
INSERT INTO Student (ID, SSN, Name, Email, course_id) VALUES ('S0025', '289-40-6329', 'Joseph Harris', 'jharris@example.edu', 'EE101');
INSERT INTO Student (ID, SSN, Name, Email, course_id) VALUES ('S0026', '607-13-9177', 'Andrew Rivera', 'arivera@example.edu', 'CE101');
INSERT INTO Student (ID, SSN, Name, Email, course_id) VALUES ('S0027', '002-64-3252', 'Sandra Parker', 'sparker@example.edu', 'MA101');
INSERT INTO Student (ID, SSN, Name, Email, course_id) VALUES ('S0028', '571-52-8456', 'Daniel Howard', 'dhoward@example.edu', 'BA101');
INSERT INTO Student (ID, SSN, Name, Email, course_id) VALUES ('S0029', '139-54-7620', 'Jacob Chandler', 'jchandler@example.edu', 'BA101');
INSERT INTO Student (ID, SSN, Name, Email, course_id) VALUES ('S0030', '169-45-7663', 'Rachel Wall', 'rwall@example.edu', 'ChE101');
INSERT INTO Student (ID, SSN, Name, Email, course_id) VALUES ('S0031', '319-26-8101', 'Jordan Thomas', 'jthomas@example.edu', 'CAE101');
INSERT INTO Student (ID, SSN, Name, Email, course_id) VALUES ('S0032', '430-99-3897', 'Dana White', 'dwhite@example.edu', 'ChE101');
INSERT INTO Student (ID, SSN, Name, Email, course_id) VALUES ('S0033', '481-50-7907', 'Adam Cooper', 'acooper@example.edu', 'CE101');
INSERT INTO Student (ID, SSN, Name, Email, course_id) VALUES ('S0034', '148-74-8154', 'Jeffery Parker', 'jparker@example.edu', 'CS101');
INSERT INTO Student (ID, SSN, Name, Email, course_id) VALUES ('S0035', '790-93-7884', 'Victoria Strong', 'vstrong@example.edu', 'ME101');
INSERT INTO Student (ID, SSN, Name, Email, course_id) VALUES ('S0036', '105-68-2491', 'Daniel Mcdaniel', 'dmcdaniel@example.edu', 'MA101');
INSERT INTO Student (ID, SSN, Name, Email, course_id) VALUES ('S0037', '709-71-0634', 'Christie Miller', 'cmiller@example.edu', 'IE101');
INSERT INTO Student (ID, SSN, Name, Email, course_id) VALUES ('S0038', '420-92-3405', 'Stephanie Garcia', 'sgarcia@example.edu', 'CAE101');
INSERT INTO Student (ID, SSN, Name, Email, course_id) VALUES ('S0039', '687-28-9859', 'Chelsea Farley', 'cfarley@example.edu', 'MA101');
INSERT INTO Student (ID, SSN, Name, Email, course_id) VALUES ('S0040', '724-72-6535', 'Shawn Lee', 'slee@example.edu', 'BA101');
INSERT INTO Student (ID, SSN, Name, Email, course_id) VALUES ('S0041', '657-38-5693', 'Corey Hickman', 'chickman@example.edu', 'ChE101');
INSERT INTO Student (ID, SSN, Name, Email, course_id) VALUES ('S0042', '334-12-1152', 'Robert Garcia', 'rgarcia@example.edu', 'ME101');
INSERT INTO Student (ID, SSN, Name, Email, course_id) VALUES ('S0043', '878-02-5680', 'Linda Boyd', 'lboyd@example.edu', 'CSE101');
INSERT INTO Student (ID, SSN, Name, Email, course_id) VALUES ('S0044', '750-28-4663', 'Peter Rodriguez', 'prodriguez@example.edu', 'EE101');
INSERT INTO Student (ID, SSN, Name, Email, course_id) VALUES ('S0045', '473-87-4838', 'Michael Allen', 'mallen@example.edu', 'MA101');
INSERT INTO Student (ID, SSN, Name, Email, course_id) VALUES ('S0046', '152-47-4501', 'Paul Morgan', 'pmorgan@example.edu', 'CE101');
INSERT INTO Student (ID, SSN, Name, Email, course_id) VALUES ('S0047', '520-16-2301', 'Laura Vazquez DVM', 'lvazquez@example.edu', 'CS101');
INSERT INTO Student (ID, SSN, Name, Email, course_id) VALUES ('S0048', '486-90-7089', 'Rose Lopez', 'rlopez@example.edu', 'ME101');
INSERT INTO Student (ID, SSN, Name, Email, course_id) VALUES ('S0049', '234-63-1650', 'Caitlin Jackson', 'cjackson@example.edu', 'ME101');
INSERT INTO Student (ID, SSN, Name, Email, course_id) VALUES ('S0050', '328-56-9382', 'Dawn Thompson', 'dthompson@example.edu', 'EE101');
INSERT INTO Student (ID, SSN, Name, Email, course_id) VALUES ('S0051', '700-50-4741', 'Mr. James Cooley', 'mjames@example.edu', 'MA101');
INSERT INTO Student (ID, SSN, Name, Email, course_id) VALUES ('S0052', '329-95-4465', 'Justin Bradley', 'jbradley@example.edu', 'EE101');
INSERT INTO Student (ID, SSN, Name, Email, course_id) VALUES ('S0053', '695-11-2245', 'Rachael Miller', 'rmiller@example.edu', 'CS101');
INSERT INTO Student (ID, SSN, Name, Email, course_id) VALUES ('S0054', '125-02-2306', 'Roy Carter', 'rcarter@example.edu', 'EE101');
INSERT INTO Student (ID, SSN, Name, Email, course_id) VALUES ('S0055', '101-77-1150', 'Joel James', 'jjames@example.edu', 'CS101');
INSERT INTO Student (ID, SSN, Name, Email, course_id) VALUES ('S0056', '098-64-9679', 'Mark Johnson', 'mjohnson@example.edu', 'CAE101');
INSERT INTO Student (ID, SSN, Name, Email, course_id) VALUES ('S0057', '484-97-4898', 'Judith Lee', 'jlee@example.edu', 'MA101');
INSERT INTO Student (ID, SSN, Name, Email, course_id) VALUES ('S0058', '830-77-3777', 'Danielle Moon', 'dmoon@example.edu', 'MA101');
INSERT INTO Student (ID, SSN, Name, Email, course_id) VALUES ('S0059', '424-18-9574', 'Timothy Powers', 'tpowers@example.edu', 'CAE101');
INSERT INTO Student (ID, SSN, Name, Email, course_id) VALUES ('S0060', '899-08-4918', 'Christopher Cook', 'ccook@example.edu', 'MA101');
INSERT INTO Student (ID, SSN, Name, Email, course_id) VALUES ('S0061', '584-17-2975', 'Tony Herrera', 'therrera@example.edu', 'BA101');
INSERT INTO Student (ID, SSN, Name, Email, course_id) VALUES ('S0062', '836-35-6122', 'Lawrence Murray', 'lmurray@example.edu', 'MA101');
INSERT INTO Student (ID, SSN, Name, Email, course_id) VALUES ('S0063', '605-80-3825', 'Nicholas Acosta', 'nacosta@example.edu', 'CS101');
INSERT INTO Student (ID, SSN, Name, Email, course_id) VALUES ('S0064', '474-03-0013', 'Benjamin English', 'benglish@example.edu', 'IE101');
INSERT INTO Student (ID, SSN, Name, Email, course_id) VALUES ('S0065', '108-38-6549', 'Melissa Johnson', 'mjohnson@example.edu', 'IE101');
INSERT INTO Student (ID, SSN, Name, Email, course_id) VALUES ('S0066', '210-93-7156', 'Kelly Bray', 'kbray@example.edu', 'CSE101');
INSERT INTO Student (ID, SSN, Name, Email, course_id) VALUES ('S0067', '543-62-3727', 'Michelle Davis', 'mdavis@example.edu', 'CSE101');
INSERT INTO Student (ID, SSN, Name, Email, course_id) VALUES ('S0068', '147-01-1814', 'Jason Vazquez', 'jvazquez@example.edu', 'ChE101');
INSERT INTO Student (ID, SSN, Name, Email, course_id) VALUES ('S0069', '375-54-0322', 'Alexander Lopez', 'alopez@example.edu', 'CAE101');
INSERT INTO Student (ID, SSN, Name, Email, course_id) VALUES ('S0070', '760-03-4513', 'Charles Bautista', 'cbautista@example.edu', 'CSE101');
INSERT INTO Student (ID, SSN, Name, Email, course_id) VALUES ('S0071', '781-29-8164', 'Michael Hughes', 'mhughes@example.edu', 'CSE101');
INSERT INTO Student (ID, SSN, Name, Email, course_id) VALUES ('S0072', '209-04-5896', 'Tyler Williams', 'twilliams@example.edu', 'ChE101');
INSERT INTO Student (ID, SSN, Name, Email, course_id) VALUES ('S0073', '483-42-3072', 'Kim Morrison', 'kmorrison@example.edu', 'CSE101');
INSERT INTO Student (ID, SSN, Name, Email, course_id) VALUES ('S0074', '583-55-0554', 'Travis Alvarez', 'talvarez@example.edu', 'EE101');
INSERT INTO Student (ID, SSN, Name, Email, course_id) VALUES ('S0075', '648-43-5316', 'Dawn Foley', 'dfoley@example.edu', 'MA101');
INSERT INTO Student (ID, SSN, Name, Email, course_id) VALUES ('S0076', '299-85-0611', 'Natasha Paul', 'npaul@example.edu', 'MA101');
INSERT INTO Student (ID, SSN, Name, Email, course_id) VALUES ('S0077', '498-13-6109', 'Adam Johnson', 'ajohnson@example.edu', 'ME101');
INSERT INTO Student (ID, SSN, Name, Email, course_id) VALUES ('S0078', '552-52-0867', 'Shannon Chaney', 'schaney@example.edu', 'IE101');
INSERT INTO Student (ID, SSN, Name, Email, course_id) VALUES ('S0079', '657-93-2494', 'Rhonda Page', 'rpage@example.edu', 'IE101');
INSERT INTO Student (ID, SSN, Name, Email, course_id) VALUES ('S0080', '622-73-2310', 'Randy Lewis', 'rlewis@example.edu', 'BA101');
INSERT INTO Student (ID, SSN, Name, Email, course_id) VALUES ('S0081', '110-40-4198', 'Megan Taylor', 'mtaylor@example.edu', 'CE101');
INSERT INTO Student (ID, SSN, Name, Email, course_id) VALUES ('S0082', '489-11-1853', 'Diana Jones', 'djones@example.edu', 'CAE101');
INSERT INTO Student (ID, SSN, Name, Email, course_id) VALUES ('S0083', '650-42-1266', 'Heather Parrish', 'hparrish@example.edu', 'IE101');
INSERT INTO Student (ID, SSN, Name, Email, course_id) VALUES ('S0084', '045-03-7879', 'Kelsey Kelly', 'kkelly@example.edu', 'IE101');
INSERT INTO Student (ID, SSN, Name, Email, course_id) VALUES ('S0085', '407-69-4986', 'Jennifer Johnson', 'jjohnson@example.edu', 'CSE101');
INSERT INTO Student (ID, SSN, Name, Email, course_id) VALUES ('S0086', '611-30-3536', 'Lonnie Miller', 'lmiller@example.edu', 'CSE101');
INSERT INTO Student (ID, SSN, Name, Email, course_id) VALUES ('S0087', '703-22-1572', 'Amanda Stephenson', 'astephenson@example.edu', 'CAE101');
INSERT INTO Student (ID, SSN, Name, Email, course_id) VALUES ('S0088', '229-01-6325', 'Katrina Hall', 'khall@example.edu', 'ChE101');
INSERT INTO Student (ID, SSN, Name, Email, course_id) VALUES ('S0089', '346-37-0593', 'Sarah Robinson', 'srobinson@example.edu', 'CSE101');
INSERT INTO Student (ID, SSN, Name, Email, course_id) VALUES ('S0090', '669-12-7063', 'Peter Dickerson', 'pdickerson@example.edu', 'CSE101');
INSERT INTO Student (ID, SSN, Name, Email, course_id) VALUES ('S0091', '659-09-5928', 'Nicole Bell', 'nbell@example.edu', 'CS101');
INSERT INTO Student (ID, SSN, Name, Email, course_id) VALUES ('S0092', '609-06-5227', 'Deborah Pope', 'dpope@example.edu', 'CE101');
INSERT INTO Student (ID, SSN, Name, Email, course_id) VALUES ('S0093', '642-90-1359', 'Joseph Keith', 'jkeith@example.edu', 'ME101');
INSERT INTO Student (ID, SSN, Name, Email, course_id) VALUES ('S0094', '871-44-3190', 'Bradley Russo', 'brusso@example.edu', 'CE101');
INSERT INTO Student (ID, SSN, Name, Email, course_id) VALUES ('S0095', '438-32-1650', 'Laura Ramsey', 'lramsey@example.edu', 'CS101');
INSERT INTO Student (ID, SSN, Name, Email, course_id) VALUES ('S0096', '622-54-6335', 'Gregory Jones', 'gjones@example.edu', 'CE101');
INSERT INTO Student (ID, SSN, Name, Email, course_id) VALUES ('S0097', '398-41-1803', 'Whitney Kelley', 'wkelley@example.edu', 'CSE101');
INSERT INTO Student (ID, SSN, Name, Email, course_id) VALUES ('S0098', '261-38-2002', 'Nathan Bell', 'nbell@example.edu', 'CAE101');
-- Subject
INSERT INTO Subject (subject_id, subject_name, department_name, course_id) VALUES ('DB101', 'Database Systems', 'Computer Science', 'CS101');
INSERT INTO Subject (subject_id, subject_name, department_name, course_id) VALUES ('CA101', 'Calculus I', 'Mathematics', 'MA101');
INSERT INTO Subject (subject_id, subject_name, department_name, course_id) VALUES ('SE101', 'Software Engineering', 'Computer Science', 'CS101');
INSERT INTO Subject (subject_id, subject_name, department_name, course_id) VALUES ('LA101', 'Linear Algebra', 'Mathematics', 'MA101');
INSERT INTO Subject (subject_id, subject_name, department_name, course_id) VALUES ('LO101', 'Logistics', 'Business Administration', 'BA101');
INSERT INTO Subject (subject_id, subject_name, department_name, course_id) VALUES ('CA102', 'Control and Automation', 'Engineering', 'ME101');
INSERT INTO Subject (subject_id, subject_name, department_name, course_id) VALUES ('P101', 'Programming I', 'Computer Science', 'CSE101');
INSERT INTO Subject (subject_id, subject_name, department_name, course_id) VALUES ('P102', 'Programming II', 'Computer Science', 'CS101');
INSERT INTO Subject (subject_id, subject_name, department_name, course_id) VALUES ('PH101', 'Physics I', 'Engineering', 'ME101');
INSERT INTO Subject (subject_id, subject_name, department_name, course_id) VALUES ('PH102', 'Physics II', 'Engineering', 'ME101');
INSERT INTO Subject (subject_id, subject_name, department_name, course_id) VALUES ('CH101', 'General Chemistry', 'Engineering', 'ChE101');
INSERT INTO Subject (subject_id, subject_name, department_name, course_id) VALUES ('TH101', 'Thermodynamics', 'Engineering', 'EE101');
INSERT INTO Subject (subject_id, subject_name, department_name, course_id) VALUES ('MS101', 'Strength of Materials', 'Engineering', 'CE101');
INSERT INTO Subject (subject_id, subject_name, department_name, course_id) VALUES ('MF101', 'Fluid Mechanics', 'Engineering', 'CAE101');
INSERT INTO Subject (subject_id, subject_name, department_name, course_id) VALUES ('CN101', 'Computer Networks', 'Computer Science', 'CSE101');
-- Curriculum Matrix
INSERT INTO CurriculumMatrix (course_id, subject_id) VALUES ('CS101', 'P102');
INSERT INTO CurriculumMatrix (course_id, subject_id) VALUES ('CS101', 'SE101');
INSERT INTO CurriculumMatrix (course_id, subject_id) VALUES ('CS101', 'LA101');
INSERT INTO CurriculumMatrix (course_id, subject_id) VALUES ('ME101', 'LA101');
INSERT INTO CurriculumMatrix (course_id, subject_id) VALUES ('ME101', 'CH101');
INSERT INTO CurriculumMatrix (course_id, subject_id) VALUES ('ME101', 'CA101');
INSERT INTO CurriculumMatrix (course_id, subject_id) VALUES ('IE101', 'PH101');
INSERT INTO CurriculumMatrix (course_id, subject_id) VALUES ('IE101', 'TH101');
INSERT INTO CurriculumMatrix (course_id, subject_id) VALUES ('IE101', 'PH102');
INSERT INTO CurriculumMatrix (course_id, subject_id) VALUES ('BA101', 'LO101');
INSERT INTO CurriculumMatrix (course_id, subject_id) VALUES ('BA101', 'CA101');
INSERT INTO CurriculumMatrix (course_id, subject_id) VALUES ('BA101', 'LA101');
INSERT INTO CurriculumMatrix (course_id, subject_id) VALUES ('MA101', 'DB101');
INSERT INTO CurriculumMatrix (course_id, subject_id) VALUES ('MA101', 'CA101');
INSERT INTO CurriculumMatrix (course_id, subject_id) VALUES ('MA101', 'CN101');
INSERT INTO CurriculumMatrix (course_id, subject_id) VALUES ('EE101', 'MF101');
INSERT INTO CurriculumMatrix (course_id, subject_id) VALUES ('EE101', 'MS101');
INSERT INTO CurriculumMatrix (course_id, subject_id) VALUES ('EE101', 'TH101');
INSERT INTO CurriculumMatrix (course_id, subject_id) VALUES ('CE101', 'PH102');
INSERT INTO CurriculumMatrix (course_id, subject_id) VALUES ('CE101', 'MS101');
INSERT INTO CurriculumMatrix (course_id, subject_id) VALUES ('CE101', 'CA101');
INSERT INTO CurriculumMatrix (course_id, subject_id) VALUES ('ChE101', 'CA101');
INSERT INTO CurriculumMatrix (course_id, subject_id) VALUES ('ChE101', 'LA101');
INSERT INTO CurriculumMatrix (course_id, subject_id) VALUES ('ChE101', 'CH101');
INSERT INTO CurriculumMatrix (course_id, subject_id) VALUES ('CAE101', 'MF101');
INSERT INTO CurriculumMatrix (course_id, subject_id) VALUES ('CAE101', 'TH101');
INSERT INTO CurriculumMatrix (course_id, subject_id) VALUES ('CAE101', 'LA101');
INSERT INTO CurriculumMatrix (course_id, subject_id) VALUES ('CSE101', 'P101');
INSERT INTO CurriculumMatrix (course_id, subject_id) VALUES ('CSE101', 'CA101');
INSERT INTO CurriculumMatrix (course_id, subject_id) VALUES ('CSE101', 'LA101');
-- Enrolled
INSERT INTO Enrolled (ID, subject_id, Semester, Year, Grade, status) VALUES ('S0038', 'MF101', '2023-1', 2023, 5.0, 'Passed');
INSERT INTO Enrolled (ID, subject_id, Semester, Year, Grade, status) VALUES ('S0038', 'TH101', '2023-1', 2023, 5.0, 'Passed');
INSERT INTO Enrolled (ID, subject_id, Semester, Year, Grade, status) VALUES ('S0038', 'LA101', '2023-1', 2023, 5.0, 'Passed');
INSERT INTO Enrolled (ID, subject_id, Semester, Year, Grade, status) VALUES ('S0021', 'P101', '2023-2', 2023, 5.0, 'Passed');
INSERT INTO Enrolled (ID, subject_id, Semester, Year, Grade, status) VALUES ('S0021', 'CA101', '2023-2', 2023, 5.0, 'Passed');
INSERT INTO Enrolled (ID, subject_id, Semester, Year, Grade, status) VALUES ('S0021', 'LA101', '2023-2', 2023, 5.0, 'Passed');
INSERT INTO Enrolled (ID, subject_id, Semester, Year, Grade, status) VALUES ('S0001', 'MF101', '2023-1', 2023, 5.2, 'Passed');
INSERT INTO Enrolled (ID, subject_id, Semester, Year, Grade, status) VALUES ('S0001', 'MS101', '2023-1', 2023, 10.0, 'Passed');
INSERT INTO Enrolled (ID, subject_id, Semester, Year, Grade, status) VALUES ('S0001', 'TH101', '2023-2', 2023, 3.6, 'Failed');
INSERT INTO Enrolled (ID, subject_id, Semester, Year, Grade, status) VALUES ('S0002', 'P101', '2024-2', 2024, NULL, 'Enrolled');
INSERT INTO Enrolled (ID, subject_id, Semester, Year, Grade, status) VALUES ('S0002', 'CA101', '2023-2', 2023, 8.9, 'Passed');
INSERT INTO Enrolled (ID, subject_id, Semester, Year, Grade, status) VALUES ('S0002', 'LA101', '2023-2', 2023, NULL, 'Enrolled');
INSERT INTO Enrolled (ID, subject_id, Semester, Year, Grade, status) VALUES ('S0003', 'P101', '2023-1', 2023, NULL, 'Enrolled');
INSERT INTO Enrolled (ID, subject_id, Semester, Year, Grade, status) VALUES ('S0003', 'CA101', '2024-1', 2024, NULL, 'Enrolled');
INSERT INTO Enrolled (ID, subject_id, Semester, Year, Grade, status) VALUES ('S0003', 'LA101', '2024-2', 2024, 3.1, 'Failed');
INSERT INTO Enrolled (ID, subject_id, Semester, Year, Grade, status) VALUES ('S0004', 'PH101', '2023-2', 2023, NULL, 'Enrolled');
INSERT INTO Enrolled (ID, subject_id, Semester, Year, Grade, status) VALUES ('S0004', 'TH101', '2023-2', 2023, 6.3, 'Passed');
INSERT INTO Enrolled (ID, subject_id, Semester, Year, Grade, status) VALUES ('S0004', 'PH102', '2023-1', 2023, 9.0, 'Passed');
INSERT INTO Enrolled (ID, subject_id, Semester, Year, Grade, status) VALUES ('S0005', 'DB101', '2024-2', 2024, 0.3, 'Failed');
INSERT INTO Enrolled (ID, subject_id, Semester, Year, Grade, status) VALUES ('S0005', 'CA101', '2024-1', 2024, 8.5, 'Passed');
INSERT INTO Enrolled (ID, subject_id, Semester, Year, Grade, status) VALUES ('S0005', 'CN101', '2023-1', 2023, NULL, 'Enrolled');
INSERT INTO Enrolled (ID, subject_id, Semester, Year, Grade, status) VALUES ('S0006', 'P102', '2024-1', 2024, 2.5, 'Failed');
INSERT INTO Enrolled (ID, subject_id, Semester, Year, Grade, status) VALUES ('S0006', 'SE101', '2024-2', 2024, 3.7, 'Failed');
INSERT INTO Enrolled (ID, subject_id, Semester, Year, Grade, status) VALUES ('S0006', 'LA101', '2023-1', 2023, NULL, 'Enrolled');
INSERT INTO Enrolled (ID, subject_id, Semester, Year, Grade, status) VALUES ('S0007', 'CA101', '2023-2', 2023, NULL, 'Enrolled');
INSERT INTO Enrolled (ID, subject_id, Semester, Year, Grade, status) VALUES ('S0007', 'LA101', '2024-2', 2024, NULL, 'Enrolled');
INSERT INTO Enrolled (ID, subject_id, Semester, Year, Grade, status) VALUES ('S0007', 'CH101', '2023-2', 2023, 5.7, 'Passed');
INSERT INTO Enrolled (ID, subject_id, Semester, Year, Grade, status) VALUES ('S0008', 'PH101', '2024-2', 2024, NULL, 'Enrolled');
INSERT INTO Enrolled (ID, subject_id, Semester, Year, Grade, status) VALUES ('S0008', 'TH101', '2023-2', 2023, NULL, 'Enrolled');
INSERT INTO Enrolled (ID, subject_id, Semester, Year, Grade, status) VALUES ('S0008', 'PH102', '2023-2', 2023, 3.8, 'Failed');
INSERT INTO Enrolled (ID, subject_id, Semester, Year, Grade, status) VALUES ('S0009', 'MF101', '2023-1', 2023, 3.3, 'Failed');
INSERT INTO Enrolled (ID, subject_id, Semester, Year, Grade, status) VALUES ('S0009', 'MS101', '2023-2', 2023, 9.7, 'Passed');
INSERT INTO Enrolled (ID, subject_id, Semester, Year, Grade, status) VALUES ('S0009', 'TH101', '2023-1', 2023, NULL, 'Enrolled');
INSERT INTO Enrolled (ID, subject_id, Semester, Year, Grade, status) VALUES ('S0010', 'PH101', '2023-1', 2023, NULL, 'Enrolled');
INSERT INTO Enrolled (ID, subject_id, Semester, Year, Grade, status) VALUES ('S0010', 'TH101', '2023-1', 2023, NULL, 'Enrolled');
INSERT INTO Enrolled (ID, subject_id, Semester, Year, Grade, status) VALUES ('S0010', 'PH102', '2023-1', 2023, NULL, 'Enrolled');
INSERT INTO Enrolled (ID, subject_id, Semester, Year, Grade, status) VALUES ('S0011', 'CA101', '2024-1', 2024, NULL, 'Enrolled');
INSERT INTO Enrolled (ID, subject_id, Semester, Year, Grade, status) VALUES ('S0011', 'LA101', '2024-2', 2024, 2.2, 'Failed');
INSERT INTO Enrolled (ID, subject_id, Semester, Year, Grade, status) VALUES ('S0011', 'CH101', '2023-2', 2023, 6.4, 'Passed');
INSERT INTO Enrolled (ID, subject_id, Semester, Year, Grade, status) VALUES ('S0012', 'P101', '2024-2', 2024, 3.8, 'Failed');
INSERT INTO Enrolled (ID, subject_id, Semester, Year, Grade, status) VALUES ('S0012', 'CA101', '2023-1', 2023, NULL, 'Enrolled');
INSERT INTO Enrolled (ID, subject_id, Semester, Year, Grade, status) VALUES ('S0012', 'LA101', '2024-1', 2024, NULL, 'Enrolled');
INSERT INTO Enrolled (ID, subject_id, Semester, Year, Grade, status) VALUES ('S0013', 'PH101', '2023-2', 2023, 6.7, 'Passed');
INSERT INTO Enrolled (ID, subject_id, Semester, Year, Grade, status) VALUES ('S0013', 'TH101', '2023-1', 2023, NULL, 'Enrolled');
INSERT INTO Enrolled (ID, subject_id, Semester, Year, Grade, status) VALUES ('S0013', 'PH102', '2024-2', 2024, NULL, 'Enrolled');
INSERT INTO Enrolled (ID, subject_id, Semester, Year, Grade, status) VALUES ('S0015', 'LO101', '2023-2', 2023, 1.0, 'Failed');
INSERT INTO Enrolled (ID, subject_id, Semester, Year, Grade, status) VALUES ('S0015', 'CA101', '2024-2', 2024, 9.5, 'Passed');
INSERT INTO Enrolled (ID, subject_id, Semester, Year, Grade, status) VALUES ('S0015', 'LA101', '2023-2', 2023, 1.5, 'Failed');
INSERT INTO Enrolled (ID, subject_id, Semester, Year, Grade, status) VALUES ('S0016', 'PH102', '2024-1', 2024, NULL, 'Enrolled');
INSERT INTO Enrolled (ID, subject_id, Semester, Year, Grade, status) VALUES ('S0016', 'MS101', '2024-2', 2024, 9.2, 'Passed');
INSERT INTO Enrolled (ID, subject_id, Semester, Year, Grade, status) VALUES ('S0016', 'CA101', '2024-1', 2024, NULL, 'Enrolled');
INSERT INTO Enrolled (ID, subject_id, Semester, Year, Grade, status) VALUES ('S0017', 'LO101', '2023-2', 2023, 5.0, 'Failed');
INSERT INTO Enrolled (ID, subject_id, Semester, Year, Grade, status) VALUES ('S0017', 'CA101', '2024-2', 2024, 6.9, 'Passed');
INSERT INTO Enrolled (ID, subject_id, Semester, Year, Grade, status) VALUES ('S0017', 'LA101', '2024-2', 2024, 6.4, 'Passed');
INSERT INTO Enrolled (ID, subject_id, Semester, Year, Grade, status) VALUES ('S0018', 'LA101', '2023-1', 2023, NULL, 'Enrolled');
INSERT INTO Enrolled (ID, subject_id, Semester, Year, Grade, status) VALUES ('S0018', 'CH101', '2024-2', 2024, 2.8, 'Failed');
INSERT INTO Enrolled (ID, subject_id, Semester, Year, Grade, status) VALUES ('S0018', 'CA101', '2024-1', 2024, NULL, 'Enrolled');
INSERT INTO Enrolled (ID, subject_id, Semester, Year, Grade, status) VALUES ('S0019', 'LO101', '2023-2', 2023, NULL, 'Enrolled');
INSERT INTO Enrolled (ID, subject_id, Semester, Year, Grade, status) VALUES ('S0019', 'CA101', '2023-2', 2023, 8.5, 'Passed');
INSERT INTO Enrolled (ID, subject_id, Semester, Year, Grade, status) VALUES ('S0019', 'LA101', '2023-2', 2023, NULL, 'Enrolled');
INSERT INTO Enrolled (ID, subject_id, Semester, Year, Grade, status) VALUES ('S0020', 'LO101', '2023-2', 2023, NULL, 'Enrolled');
INSERT INTO Enrolled (ID, subject_id, Semester, Year, Grade, status) VALUES ('S0020', 'CA101', '2023-1', 2023, NULL, 'Enrolled');
INSERT INTO Enrolled (ID, subject_id, Semester, Year, Grade, status) VALUES ('S0020', 'LA101', '2024-1', 2024, NULL, 'Enrolled');
INSERT INTO Enrolled (ID, subject_id, Semester, Year, Grade, status) VALUES ('S0023', 'PH102', '2023-1', 2023, NULL, 'Enrolled');
INSERT INTO Enrolled (ID, subject_id, Semester, Year, Grade, status) VALUES ('S0023', 'MS101', '2024-1', 2024, 5.9, 'Passed');
INSERT INTO Enrolled (ID, subject_id, Semester, Year, Grade, status) VALUES ('S0023', 'CA101', '2023-2', 2023, NULL, 'Enrolled');
INSERT INTO Enrolled (ID, subject_id, Semester, Year, Grade, status) VALUES ('S0024', 'LO101', '2023-1', 2023, 8.7, 'Passed');
INSERT INTO Enrolled (ID, subject_id, Semester, Year, Grade, status) VALUES ('S0024', 'CA101', '2024-1', 2024, 1.2, 'Failed');
INSERT INTO Enrolled (ID, subject_id, Semester, Year, Grade, status) VALUES ('S0024', 'LA101', '2023-2', 2023, NULL, 'Enrolled');
INSERT INTO Enrolled (ID, subject_id, Semester, Year, Grade, status) VALUES ('S0025', 'MF101', '2023-1', 2023, NULL, 'Enrolled');
INSERT INTO Enrolled (ID, subject_id, Semester, Year, Grade, status) VALUES ('S0025', 'MS101', '2024-2', 2024, 4.7, 'Failed');
INSERT INTO Enrolled (ID, subject_id, Semester, Year, Grade, status) VALUES ('S0025', 'TH101', '2023-2', 2023, NULL, 'Enrolled');
INSERT INTO Enrolled (ID, subject_id, Semester, Year, Grade, status) VALUES ('S0026', 'PH102', '2024-1', 2024, 2.8, 'Failed');
INSERT INTO Enrolled (ID, subject_id, Semester, Year, Grade, status) VALUES ('S0026', 'MS101', '2023-2', 2023, NULL, 'Enrolled');
INSERT INTO Enrolled (ID, subject_id, Semester, Year, Grade, status) VALUES ('S0026', 'CA101', '2023-1', 2023, 5.3, 'Passed');
INSERT INTO Enrolled (ID, subject_id, Semester, Year, Grade, status) VALUES ('S0027', 'DB101', '2023-1', 2023, NULL, 'Enrolled');
INSERT INTO Enrolled (ID, subject_id, Semester, Year, Grade, status) VALUES ('S0027', 'CA101', '2024-1', 2024, 3.0, 'Failed');
INSERT INTO Enrolled (ID, subject_id, Semester, Year, Grade, status) VALUES ('S0027', 'CN101', '2023-2', 2023, 1.6, 'Failed');
INSERT INTO Enrolled (ID, subject_id, Semester, Year, Grade, status) VALUES ('S0028', 'LO101', '2024-2', 2024, NULL, 'Enrolled');
INSERT INTO Enrolled (ID, subject_id, Semester, Year, Grade, status) VALUES ('S0028', 'CA101', '2024-2', 2024, NULL, 'Enrolled');
INSERT INTO Enrolled (ID, subject_id, Semester, Year, Grade, status) VALUES ('S0028', 'LA101', '2023-1', 2023, NULL, 'Enrolled');
INSERT INTO Enrolled (ID, subject_id, Semester, Year, Grade, status) VALUES ('S0029', 'LO101', '2023-1', 2023, NULL, 'Enrolled');
INSERT INTO Enrolled (ID, subject_id, Semester, Year, Grade, status) VALUES ('S0029', 'CA101', '2024-2', 2024, 3.4, 'Failed');
INSERT INTO Enrolled (ID, subject_id, Semester, Year, Grade, status) VALUES ('S0029', 'LA101', '2024-1', 2024, 7.3, 'Passed');
INSERT INTO Enrolled (ID, subject_id, Semester, Year, Grade, status) VALUES ('S0030', 'CA101', '2024-1', 2024, NULL, 'Enrolled');
INSERT INTO Enrolled (ID, subject_id, Semester, Year, Grade, status) VALUES ('S0030', 'LA101', '2024-1', 2024, NULL, 'Enrolled');
INSERT INTO Enrolled (ID, subject_id, Semester, Year, Grade, status) VALUES ('S0030', 'CH101', '2023-2', 2023, 5.1, 'Passed');
INSERT INTO Enrolled (ID, subject_id, Semester, Year, Grade, status) VALUES ('S0031', 'MF101', '2024-2', 2024, NULL, 'Enrolled');
INSERT INTO Enrolled (ID, subject_id, Semester, Year, Grade, status) VALUES ('S0031', 'TH101', '2023-1', 2023, 3.4, 'Failed');
INSERT INTO Enrolled (ID, subject_id, Semester, Year, Grade, status) VALUES ('S0031', 'LA101', '2023-2', 2023, 5.7, 'Passed');
INSERT INTO Enrolled (ID, subject_id, Semester, Year, Grade, status) VALUES ('S0032', 'CA101', '2024-1', 2024, NULL, 'Enrolled');
INSERT INTO Enrolled (ID, subject_id, Semester, Year, Grade, status) VALUES ('S0032', 'LA101', '2024-1', 2024, 4.6, 'Failed');
INSERT INTO Enrolled (ID, subject_id, Semester, Year, Grade, status) VALUES ('S0032', 'CH101', '2024-1', 2024, NULL, 'Enrolled');
INSERT INTO Enrolled (ID, subject_id, Semester, Year, Grade, status) VALUES ('S0033', 'PH102', '2023-1', 2023, 5.3, 'Passed');
INSERT INTO Enrolled (ID, subject_id, Semester, Year, Grade, status) VALUES ('S0033', 'MS101', '2024-2', 2024, NULL, 'Enrolled');
INSERT INTO Enrolled (ID, subject_id, Semester, Year, Grade, status) VALUES ('S0033', 'CA101', '2024-1', 2024, NULL, 'Enrolled');
INSERT INTO Enrolled (ID, subject_id, Semester, Year, Grade, status) VALUES ('S0034', 'P102', '2024-1', 2024, 8.5, 'Passed');
INSERT INTO Enrolled (ID, subject_id, Semester, Year, Grade, status) VALUES ('S0034', 'SE101', '2023-1', 2023, 7.2, 'Passed');
INSERT INTO Enrolled (ID, subject_id, Semester, Year, Grade, status) VALUES ('S0034', 'LA101', '2024-1', 2024, 3.8, 'Failed');
INSERT INTO Enrolled (ID, subject_id, Semester, Year, Grade, status) VALUES ('S0035', 'LA101', '2023-1', 2023, 8.2, 'Passed');
INSERT INTO Enrolled (ID, subject_id, Semester, Year, Grade, status) VALUES ('S0035', 'CH101', '2023-2', 2023, 3.0, 'Failed');
INSERT INTO Enrolled (ID, subject_id, Semester, Year, Grade, status) VALUES ('S0035', 'CA101', '2024-1', 2024, 2.0, 'Failed');
INSERT INTO Enrolled (ID, subject_id, Semester, Year, Grade, status) VALUES ('S0036', 'DB101', '2023-2', 2023, NULL, 'Enrolled');
INSERT INTO Enrolled (ID, subject_id, Semester, Year, Grade, status) VALUES ('S0036', 'CA101', '2023-1', 2023, 5.6, 'Passed');
INSERT INTO Enrolled (ID, subject_id, Semester, Year, Grade, status) VALUES ('S0036', 'CN101', '2023-1', 2023, NULL, 'Enrolled');
INSERT INTO Enrolled (ID, subject_id, Semester, Year, Grade, status) VALUES ('S0037', 'PH101', '2023-1', 2023, 3.0, 'Failed');
INSERT INTO Enrolled (ID, subject_id, Semester, Year, Grade, status) VALUES ('S0037', 'TH101', '2024-1', 2024, NULL, 'Enrolled');
INSERT INTO Enrolled (ID, subject_id, Semester, Year, Grade, status) VALUES ('S0037', 'PH102', '2023-2', 2023, NULL, 'Enrolled');
INSERT INTO Enrolled (ID, subject_id, Semester, Year, Grade, status) VALUES ('S0039', 'DB101', '2023-2', 2023, 4.2, 'Failed');
INSERT INTO Enrolled (ID, subject_id, Semester, Year, Grade, status) VALUES ('S0039', 'CA101', '2024-1', 2024, NULL, 'Enrolled');
INSERT INTO Enrolled (ID, subject_id, Semester, Year, Grade, status) VALUES ('S0039', 'CN101', '2023-1', 2023, 5.9, 'Passed');
INSERT INTO Enrolled (ID, subject_id, Semester, Year, Grade, status) VALUES ('S0040', 'LO101', '2023-1', 2023, NULL, 'Enrolled');
INSERT INTO Enrolled (ID, subject_id, Semester, Year, Grade, status) VALUES ('S0040', 'CA101', '2024-2', 2024, 7.4, 'Passed');
INSERT INTO Enrolled (ID, subject_id, Semester, Year, Grade, status) VALUES ('S0040', 'LA101', '2023-2', 2023, NULL, 'Enrolled');
INSERT INTO Enrolled (ID, subject_id, Semester, Year, Grade, status) VALUES ('S0041', 'CA101', '2023-1', 2023, 2.9, 'Failed');
INSERT INTO Enrolled (ID, subject_id, Semester, Year, Grade, status) VALUES ('S0041', 'LA101', '2023-1', 2023, NULL, 'Enrolled');
INSERT INTO Enrolled (ID, subject_id, Semester, Year, Grade, status) VALUES ('S0041', 'CH101', '2024-2', 2024, 1.7, 'Failed');
INSERT INTO Enrolled (ID, subject_id, Semester, Year, Grade, status) VALUES ('S0042', 'LA101', '2024-1', 2024, 5.9, 'Passed');
INSERT INTO Enrolled (ID, subject_id, Semester, Year, Grade, status) VALUES ('S0042', 'CH101', '2024-1', 2024, NULL, 'Enrolled');
INSERT INTO Enrolled (ID, subject_id, Semester, Year, Grade, status) VALUES ('S0042', 'CA101', '2023-2', 2023, 8.4, 'Passed');
INSERT INTO Enrolled (ID, subject_id, Semester, Year, Grade, status) VALUES ('S0043', 'P101', '2023-1', 2023, NULL, 'Enrolled');
INSERT INTO Enrolled (ID, subject_id, Semester, Year, Grade, status) VALUES ('S0043', 'CA101', '2024-1', 2024, NULL, 'Enrolled');
INSERT INTO Enrolled (ID, subject_id, Semester, Year, Grade, status) VALUES ('S0043', 'LA101', '2023-2', 2023, NULL, 'Enrolled');
INSERT INTO Enrolled (ID, subject_id, Semester, Year, Grade, status) VALUES ('S0044', 'MF101', '2023-2', 2023, 7.4, 'Passed');
INSERT INTO Enrolled (ID, subject_id, Semester, Year, Grade, status) VALUES ('S0044', 'MS101', '2023-1', 2023, NULL, 'Enrolled');
INSERT INTO Enrolled (ID, subject_id, Semester, Year, Grade, status) VALUES ('S0044', 'TH101', '2023-1', 2023, NULL, 'Enrolled');
INSERT INTO Enrolled (ID, subject_id, Semester, Year, Grade, status) VALUES ('S0045', 'DB101', '2024-2', 2024, NULL, 'Enrolled');
INSERT INTO Enrolled (ID, subject_id, Semester, Year, Grade, status) VALUES ('S0045', 'CA101', '2023-2', 2023, 3.8, 'Failed');
INSERT INTO Enrolled (ID, subject_id, Semester, Year, Grade, status) VALUES ('S0045', 'CN101', '2024-2', 2024, 0.9, 'Failed');
INSERT INTO Enrolled (ID, subject_id, Semester, Year, Grade, status) VALUES ('S0047', 'P102', '2023-1', 2023, 9.0, 'Passed');
INSERT INTO Enrolled (ID, subject_id, Semester, Year, Grade, status) VALUES ('S0047', 'SE101', '2024-2', 2024, NULL, 'Enrolled');
INSERT INTO Enrolled (ID, subject_id, Semester, Year, Grade, status) VALUES ('S0047', 'LA101', '2023-2', 2023, 7.2, 'Passed');
INSERT INTO Enrolled (ID, subject_id, Semester, Year, Grade, status) VALUES ('S0048', 'LA101', '2024-2', 2024, NULL, 'Enrolled');
INSERT INTO Enrolled (ID, subject_id, Semester, Year, Grade, status) VALUES ('S0048', 'CH101', '2024-1', 2024, NULL, 'Enrolled');
INSERT INTO Enrolled (ID, subject_id, Semester, Year, Grade, status) VALUES ('S0048', 'CA101', '2024-1', 2024, NULL, 'Enrolled');
INSERT INTO Enrolled (ID, subject_id, Semester, Year, Grade, status) VALUES ('S0049', 'LA101', '2023-1', 2023, NULL, 'Enrolled');
INSERT INTO Enrolled (ID, subject_id, Semester, Year, Grade, status) VALUES ('S0049', 'CH101', '2024-2', 2024, NULL, 'Enrolled');
INSERT INTO Enrolled (ID, subject_id, Semester, Year, Grade, status) VALUES ('S0049', 'CA101', '2024-1', 2024, NULL, 'Enrolled');
INSERT INTO Enrolled (ID, subject_id, Semester, Year, Grade, status) VALUES ('S0050', 'MF101', '2024-1', 2024, NULL, 'Enrolled');
INSERT INTO Enrolled (ID, subject_id, Semester, Year, Grade, status) VALUES ('S0050', 'MS101', '2024-2', 2024, 8.6, 'Passed');
INSERT INTO Enrolled (ID, subject_id, Semester, Year, Grade, status) VALUES ('S0050', 'TH101', '2024-1', 2024, 7.6, 'Passed');
INSERT INTO Enrolled (ID, subject_id, Semester, Year, Grade, status) VALUES ('S0051', 'DB101', '2023-1', 2023, NULL, 'Enrolled');
INSERT INTO Enrolled (ID, subject_id, Semester, Year, Grade, status) VALUES ('S0051', 'CA101', '2024-1', 2024, 6.9, 'Passed');
INSERT INTO Enrolled (ID, subject_id, Semester, Year, Grade, status) VALUES ('S0051', 'CN101', '2024-1', 2024, 4.5, 'Failed');
INSERT INTO Enrolled (ID, subject_id, Semester, Year, Grade, status) VALUES ('S0052', 'MF101', '2023-1', 2023, 7.8, 'Passed');
INSERT INTO Enrolled (ID, subject_id, Semester, Year, Grade, status) VALUES ('S0052', 'MS101', '2024-1', 2024, NULL, 'Enrolled');
INSERT INTO Enrolled (ID, subject_id, Semester, Year, Grade, status) VALUES ('S0052', 'TH101', '2023-2', 2023, 5.8, 'Passed');
INSERT INTO Enrolled (ID, subject_id, Semester, Year, Grade, status) VALUES ('S0053', 'P102', '2023-1', 2023, NULL, 'Enrolled');
INSERT INTO Enrolled (ID, subject_id, Semester, Year, Grade, status) VALUES ('S0053', 'SE101', '2023-2', 2023, NULL, 'Enrolled');
INSERT INTO Enrolled (ID, subject_id, Semester, Year, Grade, status) VALUES ('S0053', 'LA101', '2023-2', 2023, NULL, 'Enrolled');
INSERT INTO Enrolled (ID, subject_id, Semester, Year, Grade, status) VALUES ('S0054', 'MF101', '2024-1', 2024, NULL, 'Enrolled');
INSERT INTO Enrolled (ID, subject_id, Semester, Year, Grade, status) VALUES ('S0054', 'MS101', '2023-1', 2023, NULL, 'Enrolled');
INSERT INTO Enrolled (ID, subject_id, Semester, Year, Grade, status) VALUES ('S0054', 'TH101', '2023-1', 2023, 2.1, 'Failed');
INSERT INTO Enrolled (ID, subject_id, Semester, Year, Grade, status) VALUES ('S0055', 'P102', '2024-1', 2024, 8.7, 'Passed');
INSERT INTO Enrolled (ID, subject_id, Semester, Year, Grade, status) VALUES ('S0055', 'SE101', '2024-1', 2024, 8.1, 'Passed');
INSERT INTO Enrolled (ID, subject_id, Semester, Year, Grade, status) VALUES ('S0055', 'LA101', '2024-1', 2024, 1.5, 'Failed');
INSERT INTO Enrolled (ID, subject_id, Semester, Year, Grade, status) VALUES ('S0056', 'MF101', '2023-1', 2023, 4.7, 'Failed');
INSERT INTO Enrolled (ID, subject_id, Semester, Year, Grade, status) VALUES ('S0056', 'TH101', '2023-2', 2023, NULL, 'Enrolled');
INSERT INTO Enrolled (ID, subject_id, Semester, Year, Grade, status) VALUES ('S0056', 'LA101', '2023-1', 2023, 0.6, 'Failed');
INSERT INTO Enrolled (ID, subject_id, Semester, Year, Grade, status) VALUES ('S0057', 'DB101', '2024-1', 2024, 1.7, 'Failed');
INSERT INTO Enrolled (ID, subject_id, Semester, Year, Grade, status) VALUES ('S0057', 'CA101', '2023-2', 2023, 9.1, 'Passed');
INSERT INTO Enrolled (ID, subject_id, Semester, Year, Grade, status) VALUES ('S0057', 'CN101', '2024-1', 2024, 0.3, 'Failed');
INSERT INTO Enrolled (ID, subject_id, Semester, Year, Grade, status) VALUES ('S0058', 'DB101', '2023-1', 2023, 9.6, 'Passed');
INSERT INTO Enrolled (ID, subject_id, Semester, Year, Grade, status) VALUES ('S0058', 'CA101', '2023-1', 2023, 8.6, 'Passed');
INSERT INTO Enrolled (ID, subject_id, Semester, Year, Grade, status) VALUES ('S0058', 'CN101', '2023-2', 2023, 0.8, 'Failed');
INSERT INTO Enrolled (ID, subject_id, Semester, Year, Grade, status) VALUES ('S0059', 'MF101', '2023-1', 2023, 2.7, 'Failed');
INSERT INTO Enrolled (ID, subject_id, Semester, Year, Grade, status) VALUES ('S0059', 'TH101', '2024-1', 2024, NULL, 'Enrolled');
INSERT INTO Enrolled (ID, subject_id, Semester, Year, Grade, status) VALUES ('S0059', 'LA101', '2024-1', 2024, 9.0, 'Passed');
INSERT INTO Enrolled (ID, subject_id, Semester, Year, Grade, status) VALUES ('S0060', 'DB101', '2023-1', 2023, 1.0, 'Failed');
INSERT INTO Enrolled (ID, subject_id, Semester, Year, Grade, status) VALUES ('S0060', 'CA101', '2023-2', 2023, 9.6, 'Passed');
INSERT INTO Enrolled (ID, subject_id, Semester, Year, Grade, status) VALUES ('S0060', 'CN101', '2024-1', 2024, NULL, 'Enrolled');
INSERT INTO Enrolled (ID, subject_id, Semester, Year, Grade, status) VALUES ('S0061', 'LO101', '2024-2', 2024, NULL, 'Enrolled');
INSERT INTO Enrolled (ID, subject_id, Semester, Year, Grade, status) VALUES ('S0061', 'CA101', '2024-2', 2024, NULL, 'Enrolled');
INSERT INTO Enrolled (ID, subject_id, Semester, Year, Grade, status) VALUES ('S0061', 'LA101', '2023-1', 2023, 8.0, 'Passed');
INSERT INTO Enrolled (ID, subject_id, Semester, Year, Grade, status) VALUES ('S0062', 'DB101', '2023-2', 2023, NULL, 'Enrolled');
INSERT INTO Enrolled (ID, subject_id, Semester, Year, Grade, status) VALUES ('S0062', 'CA101', '2024-2', 2024, 3.7, 'Failed');
INSERT INTO Enrolled (ID, subject_id, Semester, Year, Grade, status) VALUES ('S0062', 'CN101', '2024-1', 2024, 5.8, 'Passed');
INSERT INTO Enrolled (ID, subject_id, Semester, Year, Grade, status) VALUES ('S0063', 'P102', '2024-1', 2024, NULL, 'Enrolled');
INSERT INTO Enrolled (ID, subject_id, Semester, Year, Grade, status) VALUES ('S0063', 'SE101', '2024-1', 2024, 5.3, 'Passed');
INSERT INTO Enrolled (ID, subject_id, Semester, Year, Grade, status) VALUES ('S0063', 'LA101', '2024-1', 2024, NULL, 'Enrolled');
INSERT INTO Enrolled (ID, subject_id, Semester, Year, Grade, status) VALUES ('S0064', 'PH101', '2024-2', 2024, NULL, 'Enrolled');
INSERT INTO Enrolled (ID, subject_id, Semester, Year, Grade, status) VALUES ('S0064', 'TH101', '2024-1', 2024, 2.4, 'Failed');
INSERT INTO Enrolled (ID, subject_id, Semester, Year, Grade, status) VALUES ('S0064', 'PH102', '2023-1', 2023, 9.0, 'Passed');
INSERT INTO Enrolled (ID, subject_id, Semester, Year, Grade, status) VALUES ('S0065', 'PH101', '2023-1', 2023, NULL, 'Enrolled');
INSERT INTO Enrolled (ID, subject_id, Semester, Year, Grade, status) VALUES ('S0065', 'TH101', '2023-2', 2023, NULL, 'Enrolled');
INSERT INTO Enrolled (ID, subject_id, Semester, Year, Grade, status) VALUES ('S0065', 'PH102', '2023-2', 2023, NULL, 'Enrolled');
INSERT INTO Enrolled (ID, subject_id, Semester, Year, Grade, status) VALUES ('S0066', 'P101', '2023-1', 2023, NULL, 'Enrolled');
INSERT INTO Enrolled (ID, subject_id, Semester, Year, Grade, status) VALUES ('S0066', 'CA101', '2023-1', 2023, NULL, 'Enrolled');
INSERT INTO Enrolled (ID, subject_id, Semester, Year, Grade, status) VALUES ('S0066', 'LA101', '2023-1', 2023, 5.5, 'Passed');
INSERT INTO Enrolled (ID, subject_id, Semester, Year, Grade, status) VALUES ('S0067', 'P101', '2024-2', 2024, 6.6, 'Passed');
INSERT INTO Enrolled (ID, subject_id, Semester, Year, Grade, status) VALUES ('S0067', 'CA101', '2023-2', 2023, NULL, 'Enrolled');
INSERT INTO Enrolled (ID, subject_id, Semester, Year, Grade, status) VALUES ('S0067', 'LA101', '2024-1', 2024, 4.7, 'Failed');
INSERT INTO Enrolled (ID, subject_id, Semester, Year, Grade, status) VALUES ('S0068', 'CA101', '2023-2', 2023, 9.5, 'Passed');
INSERT INTO Enrolled (ID, subject_id, Semester, Year, Grade, status) VALUES ('S0068', 'LA101', '2024-1', 2024, 7.4, 'Passed');
INSERT INTO Enrolled (ID, subject_id, Semester, Year, Grade, status) VALUES ('S0068', 'CH101', '2024-2', 2024, NULL, 'Enrolled');
INSERT INTO Enrolled (ID, subject_id, Semester, Year, Grade, status) VALUES ('S0069', 'MF101', '2023-2', 2023, 7.5, 'Passed');
INSERT INTO Enrolled (ID, subject_id, Semester, Year, Grade, status) VALUES ('S0069', 'TH101', '2023-1', 2023, 9.1, 'Passed');
INSERT INTO Enrolled (ID, subject_id, Semester, Year, Grade, status) VALUES ('S0069', 'LA101', '2023-2', 2023, 4.1, 'Failed');
INSERT INTO Enrolled (ID, subject_id, Semester, Year, Grade, status) VALUES ('S0070', 'P101', '2023-1', 2023, NULL, 'Enrolled');
INSERT INTO Enrolled (ID, subject_id, Semester, Year, Grade, status) VALUES ('S0070', 'CA101', '2023-1', 2023, NULL, 'Enrolled');
INSERT INTO Enrolled (ID, subject_id, Semester, Year, Grade, status) VALUES ('S0070', 'LA101', '2024-2', 2024, 9.9, 'Passed');
INSERT INTO Enrolled (ID, subject_id, Semester, Year, Grade, status) VALUES ('S0071', 'P101', '2024-2', 2024, NULL, 'Enrolled');
INSERT INTO Enrolled (ID, subject_id, Semester, Year, Grade, status) VALUES ('S0071', 'CA101', '2023-1', 2023, NULL, 'Enrolled');
INSERT INTO Enrolled (ID, subject_id, Semester, Year, Grade, status) VALUES ('S0071', 'LA101', '2023-2', 2023, 2.1, 'Failed');
INSERT INTO Enrolled (ID, subject_id, Semester, Year, Grade, status) VALUES ('S0072', 'CA101', '2024-1', 2024, 6.3, 'Passed');
INSERT INTO Enrolled (ID, subject_id, Semester, Year, Grade, status) VALUES ('S0072', 'LA101', '2023-1', 2023, NULL, 'Enrolled');
INSERT INTO Enrolled (ID, subject_id, Semester, Year, Grade, status) VALUES ('S0072', 'CH101', '2024-1', 2024, NULL, 'Enrolled');
INSERT INTO Enrolled (ID, subject_id, Semester, Year, Grade, status) VALUES ('S0073', 'P101', '2024-1', 2024, NULL, 'Enrolled');
INSERT INTO Enrolled (ID, subject_id, Semester, Year, Grade, status) VALUES ('S0073', 'CA101', '2023-2', 2023, 3.7, 'Failed');
INSERT INTO Enrolled (ID, subject_id, Semester, Year, Grade, status) VALUES ('S0073', 'LA101', '2024-1', 2024, 8.7, 'Passed');
INSERT INTO Enrolled (ID, subject_id, Semester, Year, Grade, status) VALUES ('S0074', 'MF101', '2024-1', 2024, 5.5, 'Passed');
INSERT INTO Enrolled (ID, subject_id, Semester, Year, Grade, status) VALUES ('S0074', 'MS101', '2023-1', 2023, 1.0, 'Failed');
INSERT INTO Enrolled (ID, subject_id, Semester, Year, Grade, status) VALUES ('S0074', 'TH101', '2024-1', 2024, 1.8, 'Failed');
INSERT INTO Enrolled (ID, subject_id, Semester, Year, Grade, status) VALUES ('S0075', 'DB101', '2024-2', 2024, 8.7, 'Passed');
INSERT INTO Enrolled (ID, subject_id, Semester, Year, Grade, status) VALUES ('S0075', 'CA101', '2024-1', 2024, NULL, 'Enrolled');
INSERT INTO Enrolled (ID, subject_id, Semester, Year, Grade, status) VALUES ('S0075', 'CN101', '2024-2', 2024, 10.0, 'Passed');
INSERT INTO Enrolled (ID, subject_id, Semester, Year, Grade, status) VALUES ('S0076', 'DB101', '2023-2', 2023, NULL, 'Enrolled');
INSERT INTO Enrolled (ID, subject_id, Semester, Year, Grade, status) VALUES ('S0076', 'CA101', '2024-1', 2024, 2.5, 'Failed');
INSERT INTO Enrolled (ID, subject_id, Semester, Year, Grade, status) VALUES ('S0076', 'CN101', '2024-2', 2024, 8.3, 'Passed');
INSERT INTO Enrolled (ID, subject_id, Semester, Year, Grade, status) VALUES ('S0077', 'LA101', '2024-2', 2024, 10.0, 'Passed');
INSERT INTO Enrolled (ID, subject_id, Semester, Year, Grade, status) VALUES ('S0077', 'CH101', '2024-1', 2024, 7.8, 'Passed');
INSERT INTO Enrolled (ID, subject_id, Semester, Year, Grade, status) VALUES ('S0077', 'CA101', '2024-2', 2024, 5.6, 'Passed');
INSERT INTO Enrolled (ID, subject_id, Semester, Year, Grade, status) VALUES ('S0078', 'PH101', '2023-1', 2023, 0.2, 'Failed');
INSERT INTO Enrolled (ID, subject_id, Semester, Year, Grade, status) VALUES ('S0078', 'TH101', '2023-1', 2023, 1.3, 'Failed');
INSERT INTO Enrolled (ID, subject_id, Semester, Year, Grade, status) VALUES ('S0078', 'PH102', '2023-2', 2023, 2.0, 'Failed');
INSERT INTO Enrolled (ID, subject_id, Semester, Year, Grade, status) VALUES ('S0079', 'PH101', '2024-1', 2024, 3.9, 'Failed');
INSERT INTO Enrolled (ID, subject_id, Semester, Year, Grade, status) VALUES ('S0079', 'TH101', '2024-2', 2024, NULL, 'Enrolled');
INSERT INTO Enrolled (ID, subject_id, Semester, Year, Grade, status) VALUES ('S0079', 'PH102', '2024-2', 2024, 0.0, 'Failed');
INSERT INTO Enrolled (ID, subject_id, Semester, Year, Grade, status) VALUES ('S0080', 'LO101', '2024-2', 2024, 0.3, 'Failed');
INSERT INTO Enrolled (ID, subject_id, Semester, Year, Grade, status) VALUES ('S0080', 'CA101', '2023-2', 2023, NULL, 'Enrolled');
INSERT INTO Enrolled (ID, subject_id, Semester, Year, Grade, status) VALUES ('S0080', 'LA101', '2024-2', 2024, NULL, 'Enrolled');
INSERT INTO Enrolled (ID, subject_id, Semester, Year, Grade, status) VALUES ('S0081', 'PH102', '2023-1', 2023, NULL, 'Enrolled');
INSERT INTO Enrolled (ID, subject_id, Semester, Year, Grade, status) VALUES ('S0081', 'MS101', '2024-1', 2024, NULL, 'Enrolled');
INSERT INTO Enrolled (ID, subject_id, Semester, Year, Grade, status) VALUES ('S0081', 'CA101', '2023-2', 2023, NULL, 'Enrolled');
INSERT INTO Enrolled (ID, subject_id, Semester, Year, Grade, status) VALUES ('S0082', 'MF101', '2023-1', 2023, 0.9, 'Failed');
INSERT INTO Enrolled (ID, subject_id, Semester, Year, Grade, status) VALUES ('S0082', 'TH101', '2023-1', 2023, NULL, 'Enrolled');
INSERT INTO Enrolled (ID, subject_id, Semester, Year, Grade, status) VALUES ('S0082', 'LA101', '2024-2', 2024, NULL, 'Enrolled');
INSERT INTO Enrolled (ID, subject_id, Semester, Year, Grade, status) VALUES ('S0083', 'PH101', '2023-2', 2023, NULL, 'Enrolled');
INSERT INTO Enrolled (ID, subject_id, Semester, Year, Grade, status) VALUES ('S0083', 'TH101', '2023-2', 2023, 5.9, 'Passed');
INSERT INTO Enrolled (ID, subject_id, Semester, Year, Grade, status) VALUES ('S0083', 'PH102', '2023-2', 2023, NULL, 'Enrolled');
INSERT INTO Enrolled (ID, subject_id, Semester, Year, Grade, status) VALUES ('S0084', 'PH101', '2024-2', 2024, 5.6, 'Passed');
INSERT INTO Enrolled (ID, subject_id, Semester, Year, Grade, status) VALUES ('S0084', 'TH101', '2024-2', 2024, NULL, 'Enrolled');
INSERT INTO Enrolled (ID, subject_id, Semester, Year, Grade, status) VALUES ('S0084', 'PH102', '2023-2', 2023, NULL, 'Enrolled');
INSERT INTO Enrolled (ID, subject_id, Semester, Year, Grade, status) VALUES ('S0085', 'P101', '2023-2', 2023, NULL, 'Enrolled');
INSERT INTO Enrolled (ID, subject_id, Semester, Year, Grade, status) VALUES ('S0085', 'CA101', '2023-2', 2023, 5.9, 'Passed');
INSERT INTO Enrolled (ID, subject_id, Semester, Year, Grade, status) VALUES ('S0085', 'LA101', '2024-1', 2024, NULL, 'Enrolled');
INSERT INTO Enrolled (ID, subject_id, Semester, Year, Grade, status) VALUES ('S0086', 'P101', '2024-1', 2024, 9.3, 'Passed');
INSERT INTO Enrolled (ID, subject_id, Semester, Year, Grade, status) VALUES ('S0086', 'CA101', '2023-1', 2023, 8.6, 'Passed');
INSERT INTO Enrolled (ID, subject_id, Semester, Year, Grade, status) VALUES ('S0086', 'LA101', '2024-1', 2024, 5.4, 'Passed');
INSERT INTO Enrolled (ID, subject_id, Semester, Year, Grade, status) VALUES ('S0087', 'MF101', '2023-2', 2023, NULL, 'Enrolled');
INSERT INTO Enrolled (ID, subject_id, Semester, Year, Grade, status) VALUES ('S0087', 'TH101', '2023-1', 2023, NULL, 'Enrolled');
INSERT INTO Enrolled (ID, subject_id, Semester, Year, Grade, status) VALUES ('S0087', 'LA101', '2024-2', 2024, 5.1, 'Passed');
INSERT INTO Enrolled (ID, subject_id, Semester, Year, Grade, status) VALUES ('S0088', 'CA101', '2024-2', 2024, 7.2, 'Passed');
INSERT INTO Enrolled (ID, subject_id, Semester, Year, Grade, status) VALUES ('S0088', 'LA101', '2023-1', 2023, NULL, 'Enrolled');
INSERT INTO Enrolled (ID, subject_id, Semester, Year, Grade, status) VALUES ('S0088', 'CH101', '2024-2', 2024, 2.7, 'Failed');
INSERT INTO Enrolled (ID, subject_id, Semester, Year, Grade, status) VALUES ('S0089', 'P101', '2023-2', 2023, 3.7, 'Failed');
INSERT INTO Enrolled (ID, subject_id, Semester, Year, Grade, status) VALUES ('S0089', 'CA101', '2023-2', 2023, 0.7, 'Failed');
INSERT INTO Enrolled (ID, subject_id, Semester, Year, Grade, status) VALUES ('S0089', 'LA101', '2023-2', 2023, 6.7, 'Passed');
INSERT INTO Enrolled (ID, subject_id, Semester, Year, Grade, status) VALUES ('S0090', 'P101', '2024-2', 2024, NULL, 'Enrolled');
INSERT INTO Enrolled (ID, subject_id, Semester, Year, Grade, status) VALUES ('S0090', 'CA101', '2023-1', 2023, 7.2, 'Passed');
INSERT INTO Enrolled (ID, subject_id, Semester, Year, Grade, status) VALUES ('S0090', 'LA101', '2023-2', 2023, 1.1, 'Failed');
INSERT INTO Enrolled (ID, subject_id, Semester, Year, Grade, status) VALUES ('S0091', 'P102', '2024-1', 2024, NULL, 'Enrolled');
INSERT INTO Enrolled (ID, subject_id, Semester, Year, Grade, status) VALUES ('S0091', 'SE101', '2023-1', 2023, NULL, 'Enrolled');
INSERT INTO Enrolled (ID, subject_id, Semester, Year, Grade, status) VALUES ('S0091', 'LA101', '2023-1', 2023, NULL, 'Enrolled');
INSERT INTO Enrolled (ID, subject_id, Semester, Year, Grade, status) VALUES ('S0092', 'PH102', '2023-1', 2023, 3.2, 'Failed');
INSERT INTO Enrolled (ID, subject_id, Semester, Year, Grade, status) VALUES ('S0092', 'MS101', '2024-1', 2024, NULL, 'Enrolled');
INSERT INTO Enrolled (ID, subject_id, Semester, Year, Grade, status) VALUES ('S0092', 'CA101', '2023-1', 2023, 8.9, 'Passed');
INSERT INTO Enrolled (ID, subject_id, Semester, Year, Grade, status) VALUES ('S0094', 'PH102', '2023-2', 2023, 8.0, 'Passed');
INSERT INTO Enrolled (ID, subject_id, Semester, Year, Grade, status) VALUES ('S0094', 'MS101', '2024-1', 2024, 3.2, 'Failed');
INSERT INTO Enrolled (ID, subject_id, Semester, Year, Grade, status) VALUES ('S0094', 'CA101', '2024-1', 2024, NULL, 'Enrolled');
INSERT INTO Enrolled (ID, subject_id, Semester, Year, Grade, status) VALUES ('S0095', 'P102', '2023-1', 2023, 7.6, 'Passed');
INSERT INTO Enrolled (ID, subject_id, Semester, Year, Grade, status) VALUES ('S0095', 'SE101', '2024-2', 2024, NULL, 'Enrolled');
INSERT INTO Enrolled (ID, subject_id, Semester, Year, Grade, status) VALUES ('S0095', 'LA101', '2023-1', 2023, NULL, 'Enrolled');
INSERT INTO Enrolled (ID, subject_id, Semester, Year, Grade, status) VALUES ('S0096', 'PH102', '2024-2', 2024, 1.8, 'Failed');
INSERT INTO Enrolled (ID, subject_id, Semester, Year, Grade, status) VALUES ('S0096', 'MS101', '2024-2', 2024, 6.1, 'Passed');
INSERT INTO Enrolled (ID, subject_id, Semester, Year, Grade, status) VALUES ('S0096', 'CA101', '2023-1', 2023, 3.0, 'Failed');
INSERT INTO Enrolled (ID, subject_id, Semester, Year, Grade, status) VALUES ('S0097', 'P101', '2023-1', 2023, 7.1, 'Passed');
INSERT INTO Enrolled (ID, subject_id, Semester, Year, Grade, status) VALUES ('S0097', 'CA101', '2024-1', 2024, NULL, 'Enrolled');
INSERT INTO Enrolled (ID, subject_id, Semester, Year, Grade, status) VALUES ('S0097', 'LA101', '2023-2', 2023, NULL, 'Enrolled');
INSERT INTO Enrolled (ID, subject_id, Semester, Year, Grade, status) VALUES ('S0098', 'MF101', '2023-2', 2023, 3.4, 'Failed');
INSERT INTO Enrolled (ID, subject_id, Semester, Year, Grade, status) VALUES ('S0098', 'TH101', '2024-2', 2024, 8.3, 'Passed');
INSERT INTO Enrolled (ID, subject_id, Semester, Year, Grade, status) VALUES ('S0098', 'LA101', '2024-1', 2024, NULL, 'Enrolled');
-- Teaches
INSERT INTO Teaches (ID_Prof, subject_id, Semester, Year, status) VALUES ('P001', 'DB101', '2024-1', 2024, 'Active');
INSERT INTO Teaches (ID_Prof, subject_id, Semester, Year, status) VALUES ('P022', 'DB101', '2024-1', 2024, 'Active');
INSERT INTO Teaches (ID_Prof, subject_id, Semester, Year, status) VALUES ('P006', 'CA101', '2024-1', 2024, 'Active');
INSERT INTO Teaches (ID_Prof, subject_id, Semester, Year, status) VALUES ('P024', 'CA101', '2024-1', 2024, 'Active');
INSERT INTO Teaches (ID_Prof, subject_id, Semester, Year, status) VALUES ('P001', 'SE101', '2024-1', 2024, 'Active');
INSERT INTO Teaches (ID_Prof, subject_id, Semester, Year, status) VALUES ('P003', 'LA101', '2024-1', 2024, 'Active');
INSERT INTO Teaches (ID_Prof, subject_id, Semester, Year, status) VALUES ('P007', 'LO101', '2024-1', 2024, 'Active');
INSERT INTO Teaches (ID_Prof, subject_id, Semester, Year, status) VALUES ('P024', 'LO101', '2024-1', 2024, 'Active');
INSERT INTO Teaches (ID_Prof, subject_id, Semester, Year, status) VALUES ('P005', 'CA102', '2024-1', 2024, 'Active');
INSERT INTO Teaches (ID_Prof, subject_id, Semester, Year, status) VALUES ('P007', 'P101', '2024-1', 2024, 'Active');
INSERT INTO Teaches (ID_Prof, subject_id, Semester, Year, status) VALUES ('P017', 'P101', '2024-1', 2024, 'Active');
INSERT INTO Teaches (ID_Prof, subject_id, Semester, Year, status) VALUES ('P002', 'P102', '2024-1', 2024, 'Active');
INSERT INTO Teaches (ID_Prof, subject_id, Semester, Year, status) VALUES ('P001', 'P102', '2024-1', 2024, 'Active');
INSERT INTO Teaches (ID_Prof, subject_id, Semester, Year, status) VALUES ('P012', 'PH101', '2024-1', 2024, 'Active');
INSERT INTO Teaches (ID_Prof, subject_id, Semester, Year, status) VALUES ('P002', 'PH101', '2024-1', 2024, 'Active');
INSERT INTO Teaches (ID_Prof, subject_id, Semester, Year, status) VALUES ('P008', 'PH102', '2024-1', 2024, 'Active');
INSERT INTO Teaches (ID_Prof, subject_id, Semester, Year, status) VALUES ('P014', 'CH101', '2024-1', 2024, 'Active');
INSERT INTO Teaches (ID_Prof, subject_id, Semester, Year, status) VALUES ('P018', 'TH101', '2024-1', 2024, 'Active');
INSERT INTO Teaches (ID_Prof, subject_id, Semester, Year, status) VALUES ('P005', 'MS101', '2024-1', 2024, 'Active');
INSERT INTO Teaches (ID_Prof, subject_id, Semester, Year, status) VALUES ('P019', 'MS101', '2024-1', 2024, 'Active');
INSERT INTO Teaches (ID_Prof, subject_id, Semester, Year, status) VALUES ('P016', 'MF101', '2024-1', 2024, 'Active');
INSERT INTO Teaches (ID_Prof, subject_id, Semester, Year, status) VALUES ('P020', 'MF101', '2024-1', 2024, 'Active');
INSERT INTO Teaches (ID_Prof, subject_id, Semester, Year, status) VALUES ('P009', 'CN101', '2024-1', 2024, 'Active');
INSERT INTO Teaches (ID_Prof, subject_id, Semester, Year, status) VALUES ('P014', 'CN101', '2024-1', 2024, 'Active');
INSERT INTO Teaches (ID_Prof, subject_id, Semester, Year, status) VALUES ('P014', 'LO101', '2023-2', 2023, 'Inactive');
INSERT INTO Teaches (ID_Prof, subject_id, Semester, Year, status) VALUES ('P015', 'P101', '2023-1', 2023, 'Inactive');
INSERT INTO Teaches (ID_Prof, subject_id, Semester, Year, status) VALUES ('P024', 'SE101', '2023-2', 2023, 'Inactive');
INSERT INTO Teaches (ID_Prof, subject_id, Semester, Year, status) VALUES ('P023', 'LO101', '2023-1', 2023, 'Inactive');
INSERT INTO Teaches (ID_Prof, subject_id, Semester, Year, status) VALUES ('P008', 'MF101', '2023-2', 2023, 'Inactive');
INSERT INTO Teaches (ID_Prof, subject_id, Semester, Year, status) VALUES ('P025', 'PH101', '2023-2', 2023, 'Inactive');
INSERT INTO Teaches (ID_Prof, subject_id, Semester, Year, status) VALUES ('P015', 'MF101', '2023-2', 2023, 'Inactive');
INSERT INTO Teaches (ID_Prof, subject_id, Semester, Year, status) VALUES ('P017', 'CA102', '2023-1', 2023, 'Inactive');
INSERT INTO Teaches (ID_Prof, subject_id, Semester, Year, status) VALUES ('P002', 'CH101', '2023-1', 2023, 'Inactive');
INSERT INTO Teaches (ID_Prof, subject_id, Semester, Year, status) VALUES ('P004', 'CH101', '2023-1', 2023, 'Inactive');
INSERT INTO Teaches (ID_Prof, subject_id, Semester, Year, status) VALUES ('P018', 'CN101', '2023-1', 2023, 'Inactive');
INSERT INTO Teaches (ID_Prof, subject_id, Semester, Year, status) VALUES ('P016', 'P102', '2023-1', 2023, 'Inactive');
INSERT INTO Teaches (ID_Prof, subject_id, Semester, Year, status) VALUES ('P002', 'PH101', '2023-2', 2023, 'Inactive');
INSERT INTO Teaches (ID_Prof, subject_id, Semester, Year, status) VALUES ('P023', 'PH102', '2023-1', 2023, 'Inactive');
INSERT INTO Teaches (ID_Prof, subject_id, Semester, Year, status) VALUES ('P025', 'LA101', '2023-1', 2023, 'Inactive');
INSERT INTO Teaches (ID_Prof, subject_id, Semester, Year, status) VALUES ('P002', 'CA101', '2023-1', 2023, 'Inactive');
INSERT INTO Teaches (ID_Prof, subject_id, Semester, Year, status) VALUES ('P004', 'CH101', '2023-2', 2023, 'Inactive');
INSERT INTO Teaches (ID_Prof, subject_id, Semester, Year, status) VALUES ('P011', 'TH101', '2023-1', 2023, 'Inactive');
INSERT INTO Teaches (ID_Prof, subject_id, Semester, Year, status) VALUES ('P021', 'CA102', '2023-2', 2023, 'Inactive');
INSERT INTO Teaches (ID_Prof, subject_id, Semester, Year, status) VALUES ('P011', 'MS101', '2023-1', 2023, 'Inactive');
INSERT INTO Teaches (ID_Prof, subject_id, Semester, Year, status) VALUES ('P015', 'TH101', '2023-1', 2023, 'Inactive');
INSERT INTO Teaches (ID_Prof, subject_id, Semester, Year, status) VALUES ('P013', 'TH101', '2023-2', 2023, 'Inactive');
INSERT INTO Teaches (ID_Prof, subject_id, Semester, Year, status) VALUES ('P025', 'DB101', '2023-2', 2023, 'Inactive');
INSERT INTO Teaches (ID_Prof, subject_id, Semester, Year, status) VALUES ('P024', 'CN101', '2023-2', 2023, 'Inactive');
INSERT INTO Teaches (ID_Prof, subject_id, Semester, Year, status) VALUES ('P022', 'DB101', '2023-2', 2023, 'Inactive');
INSERT INTO Teaches (ID_Prof, subject_id, Semester, Year, status) VALUES ('P025', 'P101', '2023-1', 2023, 'Inactive');
INSERT INTO Teaches (ID_Prof, subject_id, Semester, Year, status) VALUES ('P006', 'CN101', '2023-2', 2023, 'Inactive');
INSERT INTO Teaches (ID_Prof, subject_id, Semester, Year, status) VALUES ('P022', 'CN101', '2023-2', 2023, 'Inactive');
INSERT INTO Teaches (ID_Prof, subject_id, Semester, Year, status) VALUES ('P006', 'SE101', '2023-2', 2023, 'Inactive');
INSERT INTO Teaches (ID_Prof, subject_id, Semester, Year, status) VALUES ('P021', 'MF101', '2023-1', 2023, 'Inactive');
-- Advisor
INSERT INTO Advisor (student_id, prof_id, group_id) VALUES ('S0070', 'P007', 'G001');
INSERT INTO Advisor (student_id, prof_id, group_id) VALUES ('S0099', 'P010', 'G002');
INSERT INTO Advisor (student_id, prof_id, group_id) VALUES ('S0011', 'P010', 'G002');
INSERT INTO Advisor (student_id, prof_id, group_id) VALUES ('S0019', 'P010', 'G002');
INSERT INTO Advisor (student_id, prof_id, group_id) VALUES ('S0032', 'P009', 'G003');
INSERT INTO Advisor (student_id, prof_id, group_id) VALUES ('S0052', 'P009', 'G003');
INSERT INTO Advisor (student_id, prof_id, group_id) VALUES ('S0035', 'P023', 'G004');
INSERT INTO Advisor (student_id, prof_id, group_id) VALUES ('S0078', 'P025', 'G005');
INSERT INTO Advisor (student_id, prof_id, group_id) VALUES ('S0015', 'P025', 'G005');
INSERT INTO Advisor (student_id, prof_id, group_id) VALUES ('S0073', 'P001', 'G006');
INSERT INTO Advisor (student_id, prof_id, group_id) VALUES ('S0096', 'P012', 'G007');
INSERT INTO Advisor (student_id, prof_id, group_id) VALUES ('S0024', 'P012', 'G007');
INSERT INTO Advisor (student_id, prof_id, group_id) VALUES ('S0062', 'P012', 'G007');
INSERT INTO Advisor (student_id, prof_id, group_id) VALUES ('S0065', 'P012', 'G007');
INSERT INTO Advisor (student_id, prof_id, group_id) VALUES ('S0049', 'P016', 'G008');
INSERT INTO Advisor (student_id, prof_id, group_id) VALUES ('S0022', 'P016', 'G008');
INSERT INTO Advisor (student_id, prof_id, group_id) VALUES ('S0025', 'P016', 'G008');
INSERT INTO Advisor (student_id, prof_id, group_id) VALUES ('S0094', 'P013', 'G009');
INSERT INTO Advisor (student_id, prof_id, group_id) VALUES ('S0068', 'P013', 'G009');
INSERT INTO Advisor (student_id, prof_id, group_id) VALUES ('S0093', 'P013', 'G009');
INSERT INTO Advisor (student_id, prof_id, group_id) VALUES ('S0088', 'P012', 'G010');
INSERT INTO Advisor (student_id, prof_id, group_id) VALUES ('S0042', 'P012', 'G010');
INSERT INTO Advisor (student_id, prof_id, group_id) VALUES ('S0033', 'P012', 'G010');
INSERT INTO Advisor (student_id, prof_id, group_id) VALUES ('S0005', 'P011', 'G011');
INSERT INTO Advisor (student_id, prof_id, group_id) VALUES ('S0048', 'P011', 'G011');
INSERT INTO Advisor (student_id, prof_id, group_id) VALUES ('S0041', 'P017', 'G012');
INSERT INTO Advisor (student_id, prof_id, group_id) VALUES ('S0040', 'P017', 'G012');
INSERT INTO Advisor (student_id, prof_id, group_id) VALUES ('S0038', 'P017', 'G012');
INSERT INTO Advisor (student_id, prof_id, group_id) VALUES ('S0063', 'P017', 'G012');
INSERT INTO Advisor (student_id, prof_id, group_id) VALUES ('S0029', 'P013', 'G013');
INSERT INTO Advisor (student_id, prof_id, group_id) VALUES ('S0050', 'P013', 'G013');
INSERT INTO Advisor (student_id, prof_id, group_id) VALUES ('S0010', 'P013', 'G013');
INSERT INTO Advisor (student_id, prof_id, group_id) VALUES ('S0006', 'P014', 'G014');
INSERT INTO Advisor (student_id, prof_id, group_id) VALUES ('S0084', 'P014', 'G014');
INSERT INTO Advisor (student_id, prof_id, group_id) VALUES ('S0066', 'P014', 'G014');
INSERT INTO Advisor (student_id, prof_id, group_id) VALUES ('S0031', 'P014', 'G014');
INSERT INTO Advisor (student_id, prof_id, group_id) VALUES ('S0021', 'P017', 'G015');
INSERT INTO Advisor (student_id, prof_id, group_id) VALUES ('S0076', 'P017', 'G015');
INSERT INTO Advisor (student_id, prof_id, group_id) VALUES ('S0087', 'P017', 'G015');
INSERT INTO Advisor (student_id, prof_id, group_id) VALUES ('S0045', 'P017', 'G015');
INSERT INTO Advisor (student_id, prof_id, group_id) VALUES ('S0003', 'P008', 'G016');
INSERT INTO Advisor (student_id, prof_id, group_id) VALUES ('S0018', 'P008', 'G016');
INSERT INTO Advisor (student_id, prof_id, group_id) VALUES ('S0095', 'P004', 'G017');
INSERT INTO Advisor (student_id, prof_id, group_id) VALUES ('S0004', 'P004', 'G017');
INSERT INTO Advisor (student_id, prof_id, group_id) VALUES ('S0023', 'P004', 'G017');
INSERT INTO Advisor (student_id, prof_id, group_id) VALUES ('S0086', 'P004', 'G017');
INSERT INTO Advisor (student_id, prof_id, group_id) VALUES ('S0020', 'P014', 'G018');
INSERT INTO Advisor (student_id, prof_id, group_id) VALUES ('S0051', 'P014', 'G018');
INSERT INTO Advisor (student_id, prof_id, group_id) VALUES ('S0083', 'P014', 'G018');
INSERT INTO Advisor (student_id, prof_id, group_id) VALUES ('S0002', 'P014', 'G018');
INSERT INTO Advisor (student_id, prof_id, group_id) VALUES ('S0082', 'P024', 'G019');
INSERT INTO Advisor (student_id, prof_id, group_id) VALUES ('S0061', 'P024', 'G019');
INSERT INTO Advisor (student_id, prof_id, group_id) VALUES ('S0008', 'P002', 'G020');
INSERT INTO Advisor (student_id, prof_id, group_id) VALUES ('S0079', 'P002', 'G020');
INSERT INTO Advisor (student_id, prof_id, group_id) VALUES ('S0030', 'P002', 'G020');
INSERT INTO Advisor (student_id, prof_id, group_id) VALUES ('S0085', 'P002', 'G020');
INSERT INTO Advisor (student_id, prof_id, group_id) VALUES ('S0017', 'P021', 'G021');
INSERT INTO Advisor (student_id, prof_id, group_id) VALUES ('S0044', 'P021', 'G021');
INSERT INTO Advisor (student_id, prof_id, group_id) VALUES ('S0060', 'P021', 'G021');
INSERT INTO Advisor (student_id, prof_id, group_id) VALUES ('S0080', 'P021', 'G021');
INSERT INTO Advisor (student_id, prof_id, group_id) VALUES ('S0007', 'P010', 'G022');
INSERT INTO Advisor (student_id, prof_id, group_id) VALUES ('S0027', 'P010', 'G022');
INSERT INTO Advisor (student_id, prof_id, group_id) VALUES ('S0043', 'P009', 'G023');
INSERT INTO Advisor (student_id, prof_id, group_id) VALUES ('S0064', 'P009', 'G023');
INSERT INTO Advisor (student_id, prof_id, group_id) VALUES ('S0056', 'P023', 'G024');
INSERT INTO Advisor (student_id, prof_id, group_id) VALUES ('S0069', 'P023', 'G024');
INSERT INTO Advisor (student_id, prof_id, group_id) VALUES ('S0059', 'P023', 'G024');
INSERT INTO Advisor (student_id, prof_id, group_id) VALUES ('S0014', 'P023', 'G024');
INSERT INTO Advisor (student_id, prof_id, group_id) VALUES ('S0067', 'P011', 'G025');
INSERT INTO Advisor (student_id, prof_id, group_id) VALUES ('S0036', 'P011', 'G025');
